date,region,type,first_dose,second_dose
2020-12-23,,Pfizer/BioNTech,0,0
2020-12-23,,Moderna,0,0
2020-12-23,,AstraZeneca/Oxford,0,0
2020-12-23,Flanders,,0,0
2020-12-23,Flanders,Pfizer/BioNTech,1,0
2020-12-23,Flanders,Moderna,0,0
2020-12-23,Flanders,AstraZeneca/Oxford,0,0
2020-12-23,Wallonia,,0,0
2020-12-23,Wallonia,Pfizer/BioNTech,0,0
2020-12-23,Wallonia,Moderna,0,0
2020-12-23,Wallonia,AstraZeneca/Oxford,0,0
2020-12-23,Brussels,,0,0
2020-12-23,Brussels,Pfizer/BioNTech,0,0
2020-12-23,Brussels,Moderna,0,0
2020-12-23,Brussels,AstraZeneca/Oxford,0,0
2020-12-23,Ostbelgien,,0,0
2020-12-23,Ostbelgien,Pfizer/BioNTech,0,0
2020-12-23,Ostbelgien,Moderna,0,0
2020-12-23,Ostbelgien,AstraZeneca/Oxford,0,0
2020-12-24,,Pfizer/BioNTech,0,0
2020-12-24,,Moderna,0,0
2020-12-24,,AstraZeneca/Oxford,0,0
2020-12-24,Flanders,,0,0
2020-12-24,Flanders,Pfizer/BioNTech,0,0
2020-12-24,Flanders,Moderna,0,0
2020-12-24,Flanders,AstraZeneca/Oxford,0,0
2020-12-24,Wallonia,,0,0
2020-12-24,Wallonia,Pfizer/BioNTech,0,0
2020-12-24,Wallonia,Moderna,0,0
2020-12-24,Wallonia,AstraZeneca/Oxford,0,0
2020-12-24,Brussels,,0,0
2020-12-24,Brussels,Pfizer/BioNTech,0,0
2020-12-24,Brussels,Moderna,0,0
2020-12-24,Brussels,AstraZeneca/Oxford,0,0
2020-12-24,Ostbelgien,,0,0
2020-12-24,Ostbelgien,Pfizer/BioNTech,0,0
2020-12-24,Ostbelgien,Moderna,0,0
2020-12-24,Ostbelgien,AstraZeneca/Oxford,0,0
2020-12-25,,Pfizer/BioNTech,0,0
2020-12-25,,Moderna,0,0
2020-12-25,,AstraZeneca/Oxford,0,0
2020-12-25,Flanders,,0,0
2020-12-25,Flanders,Pfizer/BioNTech,0,0
2020-12-25,Flanders,Moderna,0,0
2020-12-25,Flanders,AstraZeneca/Oxford,0,0
2020-12-25,Wallonia,,0,0
2020-12-25,Wallonia,Pfizer/BioNTech,0,0
2020-12-25,Wallonia,Moderna,0,0
2020-12-25,Wallonia,AstraZeneca/Oxford,0,0
2020-12-25,Brussels,,0,0
2020-12-25,Brussels,Pfizer/BioNTech,0,0
2020-12-25,Brussels,Moderna,0,0
2020-12-25,Brussels,AstraZeneca/Oxford,0,0
2020-12-25,Ostbelgien,,0,0
2020-12-25,Ostbelgien,Pfizer/BioNTech,0,0
2020-12-25,Ostbelgien,Moderna,0,0
2020-12-25,Ostbelgien,AstraZeneca/Oxford,0,0
2020-12-26,,Pfizer/BioNTech,0,0
2020-12-26,,Moderna,0,0
2020-12-26,,AstraZeneca/Oxford,0,0
2020-12-26,Flanders,,0,0
2020-12-26,Flanders,Pfizer/BioNTech,0,0
2020-12-26,Flanders,Moderna,0,0
2020-12-26,Flanders,AstraZeneca/Oxford,0,0
2020-12-26,Wallonia,,0,0
2020-12-26,Wallonia,Pfizer/BioNTech,0,0
2020-12-26,Wallonia,Moderna,0,0
2020-12-26,Wallonia,AstraZeneca/Oxford,0,0
2020-12-26,Brussels,,0,0
2020-12-26,Brussels,Pfizer/BioNTech,0,0
2020-12-26,Brussels,Moderna,0,0
2020-12-26,Brussels,AstraZeneca/Oxford,0,0
2020-12-26,Ostbelgien,,0,0
2020-12-26,Ostbelgien,Pfizer/BioNTech,0,0
2020-12-26,Ostbelgien,Moderna,0,0
2020-12-26,Ostbelgien,AstraZeneca/Oxford,0,0
2020-12-27,,Pfizer/BioNTech,0,0
2020-12-27,,Moderna,0,0
2020-12-27,,AstraZeneca/Oxford,0,0
2020-12-27,Flanders,,0,0
2020-12-27,Flanders,Pfizer/BioNTech,0,0
2020-12-27,Flanders,Moderna,0,0
2020-12-27,Flanders,AstraZeneca/Oxford,0,0
2020-12-27,Wallonia,,0,0
2020-12-27,Wallonia,Pfizer/BioNTech,0,0
2020-12-27,Wallonia,Moderna,0,0
2020-12-27,Wallonia,AstraZeneca/Oxford,0,0
2020-12-27,Brussels,,0,0
2020-12-27,Brussels,Pfizer/BioNTech,0,0
2020-12-27,Brussels,Moderna,0,0
2020-12-27,Brussels,AstraZeneca/Oxford,0,0
2020-12-27,Ostbelgien,,0,0
2020-12-27,Ostbelgien,Pfizer/BioNTech,0,0
2020-12-27,Ostbelgien,Moderna,0,0
2020-12-27,Ostbelgien,AstraZeneca/Oxford,0,0
2020-12-28,,Pfizer/BioNTech,0,0
2020-12-28,,Moderna,0,0
2020-12-28,,AstraZeneca/Oxford,0,0
2020-12-28,Flanders,,0,0
2020-12-28,Flanders,Pfizer/BioNTech,123,0
2020-12-28,Flanders,Moderna,0,0
2020-12-28,Flanders,AstraZeneca/Oxford,0,0
2020-12-28,Wallonia,,0,0
2020-12-28,Wallonia,Pfizer/BioNTech,119,0
2020-12-28,Wallonia,Moderna,0,0
2020-12-28,Wallonia,AstraZeneca/Oxford,0,0
2020-12-28,Brussels,,0,0
2020-12-28,Brussels,Pfizer/BioNTech,56,0
2020-12-28,Brussels,Moderna,0,0
2020-12-28,Brussels,AstraZeneca/Oxford,0,0
2020-12-28,Ostbelgien,,0,0
2020-12-28,Ostbelgien,Pfizer/BioNTech,0,0
2020-12-28,Ostbelgien,Moderna,0,0
2020-12-28,Ostbelgien,AstraZeneca/Oxford,0,0
2020-12-29,,Pfizer/BioNTech,0,0
2020-12-29,,Moderna,0,0
2020-12-29,,AstraZeneca/Oxford,0,0
2020-12-29,Flanders,,0,0
2020-12-29,Flanders,Pfizer/BioNTech,1,0
2020-12-29,Flanders,Moderna,0,0
2020-12-29,Flanders,AstraZeneca/Oxford,0,0
2020-12-29,Wallonia,,0,0
2020-12-29,Wallonia,Pfizer/BioNTech,0,0
2020-12-29,Wallonia,Moderna,0,0
2020-12-29,Wallonia,AstraZeneca/Oxford,0,0
2020-12-29,Brussels,,0,0
2020-12-29,Brussels,Pfizer/BioNTech,0,0
2020-12-29,Brussels,Moderna,0,0
2020-12-29,Brussels,AstraZeneca/Oxford,0,0
2020-12-29,Ostbelgien,,0,0
2020-12-29,Ostbelgien,Pfizer/BioNTech,0,0
2020-12-29,Ostbelgien,Moderna,0,0
2020-12-29,Ostbelgien,AstraZeneca/Oxford,0,0
2020-12-30,,Pfizer/BioNTech,0,0
2020-12-30,,Moderna,0,0
2020-12-30,,AstraZeneca/Oxford,0,0
2020-12-30,Flanders,,0,0
2020-12-30,Flanders,Pfizer/BioNTech,471,0
2020-12-30,Flanders,Moderna,0,0
2020-12-30,Flanders,AstraZeneca/Oxford,0,0
2020-12-30,Wallonia,,0,0
2020-12-30,Wallonia,Pfizer/BioNTech,1,0
2020-12-30,Wallonia,Moderna,0,0
2020-12-30,Wallonia,AstraZeneca/Oxford,0,0
2020-12-30,Brussels,,0,0
2020-12-30,Brussels,Pfizer/BioNTech,5,0
2020-12-30,Brussels,Moderna,0,0
2020-12-30,Brussels,AstraZeneca/Oxford,0,0
2020-12-30,Ostbelgien,,0,0
2020-12-30,Ostbelgien,Pfizer/BioNTech,0,0
2020-12-30,Ostbelgien,Moderna,0,0
2020-12-30,Ostbelgien,AstraZeneca/Oxford,0,0
2020-12-31,,Pfizer/BioNTech,1,0
2020-12-31,,Moderna,0,0
2020-12-31,,AstraZeneca/Oxford,0,0
2020-12-31,Flanders,,0,0
2020-12-31,Flanders,Pfizer/BioNTech,9,0
2020-12-31,Flanders,Moderna,0,0
2020-12-31,Flanders,AstraZeneca/Oxford,0,0
2020-12-31,Wallonia,,0,0
2020-12-31,Wallonia,Pfizer/BioNTech,0,0
2020-12-31,Wallonia,Moderna,0,0
2020-12-31,Wallonia,AstraZeneca/Oxford,0,0
2020-12-31,Brussels,,0,0
2020-12-31,Brussels,Pfizer/BioNTech,0,0
2020-12-31,Brussels,Moderna,0,0
2020-12-31,Brussels,AstraZeneca/Oxford,0,0
2020-12-31,Ostbelgien,,0,0
2020-12-31,Ostbelgien,Pfizer/BioNTech,0,0
2020-12-31,Ostbelgien,Moderna,0,0
2020-12-31,Ostbelgien,AstraZeneca/Oxford,0,0
2021-01-01,,Pfizer/BioNTech,0,0
2021-01-01,,Moderna,0,0
2021-01-01,,AstraZeneca/Oxford,0,0
2021-01-01,Flanders,,0,0
2021-01-01,Flanders,Pfizer/BioNTech,1,0
2021-01-01,Flanders,Moderna,0,0
2021-01-01,Flanders,AstraZeneca/Oxford,0,0
2021-01-01,Wallonia,,0,0
2021-01-01,Wallonia,Pfizer/BioNTech,6,0
2021-01-01,Wallonia,Moderna,0,0
2021-01-01,Wallonia,AstraZeneca/Oxford,0,0
2021-01-01,Brussels,,0,0
2021-01-01,Brussels,Pfizer/BioNTech,1,0
2021-01-01,Brussels,Moderna,0,0
2021-01-01,Brussels,AstraZeneca/Oxford,0,0
2021-01-01,Ostbelgien,,0,0
2021-01-01,Ostbelgien,Pfizer/BioNTech,0,0
2021-01-01,Ostbelgien,Moderna,0,0
2021-01-01,Ostbelgien,AstraZeneca/Oxford,0,0
2021-01-02,,Pfizer/BioNTech,0,0
2021-01-02,,Moderna,0,0
2021-01-02,,AstraZeneca/Oxford,0,0
2021-01-02,Flanders,,0,0
2021-01-02,Flanders,Pfizer/BioNTech,0,0
2021-01-02,Flanders,Moderna,0,0
2021-01-02,Flanders,AstraZeneca/Oxford,0,0
2021-01-02,Wallonia,,0,0
2021-01-02,Wallonia,Pfizer/BioNTech,0,0
2021-01-02,Wallonia,Moderna,0,0
2021-01-02,Wallonia,AstraZeneca/Oxford,0,0
2021-01-02,Brussels,,0,0
2021-01-02,Brussels,Pfizer/BioNTech,0,0
2021-01-02,Brussels,Moderna,0,0
2021-01-02,Brussels,AstraZeneca/Oxford,0,0
2021-01-02,Ostbelgien,,0,0
2021-01-02,Ostbelgien,Pfizer/BioNTech,0,0
2021-01-02,Ostbelgien,Moderna,0,0
2021-01-02,Ostbelgien,AstraZeneca/Oxford,0,0
2021-01-03,,Pfizer/BioNTech,0,0
2021-01-03,,Moderna,0,0
2021-01-03,,AstraZeneca/Oxford,0,0
2021-01-03,Flanders,,0,0
2021-01-03,Flanders,Pfizer/BioNTech,0,0
2021-01-03,Flanders,Moderna,0,0
2021-01-03,Flanders,AstraZeneca/Oxford,0,0
2021-01-03,Wallonia,,0,0
2021-01-03,Wallonia,Pfizer/BioNTech,0,0
2021-01-03,Wallonia,Moderna,0,0
2021-01-03,Wallonia,AstraZeneca/Oxford,0,0
2021-01-03,Brussels,,0,0
2021-01-03,Brussels,Pfizer/BioNTech,0,0
2021-01-03,Brussels,Moderna,0,0
2021-01-03,Brussels,AstraZeneca/Oxford,0,0
2021-01-03,Ostbelgien,,0,0
2021-01-03,Ostbelgien,Pfizer/BioNTech,0,0
2021-01-03,Ostbelgien,Moderna,0,0
2021-01-03,Ostbelgien,AstraZeneca/Oxford,0,0
2021-01-04,,Pfizer/BioNTech,0,0
2021-01-04,,Moderna,0,0
2021-01-04,,AstraZeneca/Oxford,0,0
2021-01-04,Flanders,,0,0
2021-01-04,Flanders,Pfizer/BioNTech,0,0
2021-01-04,Flanders,Moderna,2,0
2021-01-04,Flanders,AstraZeneca/Oxford,0,0
2021-01-04,Wallonia,,0,0
2021-01-04,Wallonia,Pfizer/BioNTech,0,0
2021-01-04,Wallonia,Moderna,0,0
2021-01-04,Wallonia,AstraZeneca/Oxford,0,0
2021-01-04,Brussels,,0,0
2021-01-04,Brussels,Pfizer/BioNTech,0,0
2021-01-04,Brussels,Moderna,0,0
2021-01-04,Brussels,AstraZeneca/Oxford,0,0
2021-01-04,Ostbelgien,,0,0
2021-01-04,Ostbelgien,Pfizer/BioNTech,0,0
2021-01-04,Ostbelgien,Moderna,0,0
2021-01-04,Ostbelgien,AstraZeneca/Oxford,0,0
2021-01-05,,Pfizer/BioNTech,1,0
2021-01-05,,Moderna,0,0
2021-01-05,,AstraZeneca/Oxford,0,0
2021-01-05,Flanders,,0,0
2021-01-05,Flanders,Pfizer/BioNTech,42,0
2021-01-05,Flanders,Moderna,0,0
2021-01-05,Flanders,AstraZeneca/Oxford,0,0
2021-01-05,Wallonia,,0,0
2021-01-05,Wallonia,Pfizer/BioNTech,861,0
2021-01-05,Wallonia,Moderna,0,0
2021-01-05,Wallonia,AstraZeneca/Oxford,0,0
2021-01-05,Brussels,,0,0
2021-01-05,Brussels,Pfizer/BioNTech,725,0
2021-01-05,Brussels,Moderna,0,0
2021-01-05,Brussels,AstraZeneca/Oxford,0,0
2021-01-05,Ostbelgien,,0,0
2021-01-05,Ostbelgien,Pfizer/BioNTech,74,0
2021-01-05,Ostbelgien,Moderna,0,0
2021-01-05,Ostbelgien,AstraZeneca/Oxford,0,0
2021-01-06,,Pfizer/BioNTech,19,0
2021-01-06,,Moderna,0,0
2021-01-06,,AstraZeneca/Oxford,0,0
2021-01-06,Flanders,,0,0
2021-01-06,Flanders,Pfizer/BioNTech,919,0
2021-01-06,Flanders,Moderna,0,0
2021-01-06,Flanders,AstraZeneca/Oxford,0,0
2021-01-06,Wallonia,,0,0
2021-01-06,Wallonia,Pfizer/BioNTech,1922,0
2021-01-06,Wallonia,Moderna,0,0
2021-01-06,Wallonia,AstraZeneca/Oxford,0,0
2021-01-06,Brussels,,0,0
2021-01-06,Brussels,Pfizer/BioNTech,987,0
2021-01-06,Brussels,Moderna,1,0
2021-01-06,Brussels,AstraZeneca/Oxford,0,0
2021-01-06,Ostbelgien,,0,0
2021-01-06,Ostbelgien,Pfizer/BioNTech,34,0
2021-01-06,Ostbelgien,Moderna,0,0
2021-01-06,Ostbelgien,AstraZeneca/Oxford,0,0
2021-01-07,,Pfizer/BioNTech,73,0
2021-01-07,,Moderna,0,0
2021-01-07,,AstraZeneca/Oxford,0,0
2021-01-07,Flanders,,0,0
2021-01-07,Flanders,Pfizer/BioNTech,2147,0
2021-01-07,Flanders,Moderna,0,0
2021-01-07,Flanders,AstraZeneca/Oxford,0,0
2021-01-07,Wallonia,,0,0
2021-01-07,Wallonia,Pfizer/BioNTech,4927,0
2021-01-07,Wallonia,Moderna,0,0
2021-01-07,Wallonia,AstraZeneca/Oxford,0,0
2021-01-07,Brussels,,0,0
2021-01-07,Brussels,Pfizer/BioNTech,989,0
2021-01-07,Brussels,Moderna,0,0
2021-01-07,Brussels,AstraZeneca/Oxford,0,0
2021-01-07,Ostbelgien,,0,0
2021-01-07,Ostbelgien,Pfizer/BioNTech,47,0
2021-01-07,Ostbelgien,Moderna,0,0
2021-01-07,Ostbelgien,AstraZeneca/Oxford,0,0
2021-01-08,,Pfizer/BioNTech,17,0
2021-01-08,,Moderna,0,0
2021-01-08,,AstraZeneca/Oxford,0,0
2021-01-08,Flanders,,0,0
2021-01-08,Flanders,Pfizer/BioNTech,2994,0
2021-01-08,Flanders,Moderna,1,0
2021-01-08,Flanders,AstraZeneca/Oxford,0,0
2021-01-08,Wallonia,,0,0
2021-01-08,Wallonia,Pfizer/BioNTech,4942,0
2021-01-08,Wallonia,Moderna,0,0
2021-01-08,Wallonia,AstraZeneca/Oxford,0,0
2021-01-08,Brussels,,0,0
2021-01-08,Brussels,Pfizer/BioNTech,1237,0
2021-01-08,Brussels,Moderna,0,0
2021-01-08,Brussels,AstraZeneca/Oxford,0,0
2021-01-08,Ostbelgien,,0,0
2021-01-08,Ostbelgien,Pfizer/BioNTech,52,0
2021-01-08,Ostbelgien,Moderna,0,0
2021-01-08,Ostbelgien,AstraZeneca/Oxford,0,0
2021-01-09,,Pfizer/BioNTech,0,0
2021-01-09,,Moderna,0,0
2021-01-09,,AstraZeneca/Oxford,0,0
2021-01-09,Flanders,,0,0
2021-01-09,Flanders,Pfizer/BioNTech,3168,0
2021-01-09,Flanders,Moderna,0,0
2021-01-09,Flanders,AstraZeneca/Oxford,0,0
2021-01-09,Wallonia,,0,0
2021-01-09,Wallonia,Pfizer/BioNTech,37,0
2021-01-09,Wallonia,Moderna,0,0
2021-01-09,Wallonia,AstraZeneca/Oxford,0,0
2021-01-09,Brussels,,0,0
2021-01-09,Brussels,Pfizer/BioNTech,2,0
2021-01-09,Brussels,Moderna,0,0
2021-01-09,Brussels,AstraZeneca/Oxford,0,0
2021-01-09,Ostbelgien,,0,0
2021-01-09,Ostbelgien,Pfizer/BioNTech,0,0
2021-01-09,Ostbelgien,Moderna,0,0
2021-01-09,Ostbelgien,AstraZeneca/Oxford,0,0
2021-01-10,,Pfizer/BioNTech,0,0
2021-01-10,,Moderna,0,0
2021-01-10,,AstraZeneca/Oxford,0,0
2021-01-10,Flanders,,0,0
2021-01-10,Flanders,Pfizer/BioNTech,350,0
2021-01-10,Flanders,Moderna,0,0
2021-01-10,Flanders,AstraZeneca/Oxford,0,0
2021-01-10,Wallonia,,0,0
2021-01-10,Wallonia,Pfizer/BioNTech,39,0
2021-01-10,Wallonia,Moderna,0,0
2021-01-10,Wallonia,AstraZeneca/Oxford,0,0
2021-01-10,Brussels,,0,0
2021-01-10,Brussels,Pfizer/BioNTech,11,0
2021-01-10,Brussels,Moderna,0,0
2021-01-10,Brussels,AstraZeneca/Oxford,0,0
2021-01-10,Ostbelgien,,0,0
2021-01-10,Ostbelgien,Pfizer/BioNTech,1,0
2021-01-10,Ostbelgien,Moderna,0,0
2021-01-10,Ostbelgien,AstraZeneca/Oxford,0,0
2021-01-11,,Pfizer/BioNTech,58,0
2021-01-11,,Moderna,0,0
2021-01-11,,AstraZeneca/Oxford,0,0
2021-01-11,Flanders,,0,0
2021-01-11,Flanders,Pfizer/BioNTech,3766,0
2021-01-11,Flanders,Moderna,0,0
2021-01-11,Flanders,AstraZeneca/Oxford,0,0
2021-01-11,Wallonia,,0,0
2021-01-11,Wallonia,Pfizer/BioNTech,1603,0
2021-01-11,Wallonia,Moderna,0,0
2021-01-11,Wallonia,AstraZeneca/Oxford,0,0
2021-01-11,Brussels,,0,0
2021-01-11,Brussels,Pfizer/BioNTech,11,0
2021-01-11,Brussels,Moderna,0,0
2021-01-11,Brussels,AstraZeneca/Oxford,0,0
2021-01-11,Ostbelgien,,0,0
2021-01-11,Ostbelgien,Pfizer/BioNTech,143,0
2021-01-11,Ostbelgien,Moderna,0,0
2021-01-11,Ostbelgien,AstraZeneca/Oxford,0,0
2021-01-12,,Pfizer/BioNTech,104,0
2021-01-12,,Moderna,0,0
2021-01-12,,AstraZeneca/Oxford,0,0
2021-01-12,Flanders,,0,0
2021-01-12,Flanders,Pfizer/BioNTech,8011,0
2021-01-12,Flanders,Moderna,0,0
2021-01-12,Flanders,AstraZeneca/Oxford,0,0
2021-01-12,Wallonia,,0,0
2021-01-12,Wallonia,Pfizer/BioNTech,6398,0
2021-01-12,Wallonia,Moderna,1,0
2021-01-12,Wallonia,AstraZeneca/Oxford,0,0
2021-01-12,Brussels,,0,0
2021-01-12,Brussels,Pfizer/BioNTech,1108,0
2021-01-12,Brussels,Moderna,0,0
2021-01-12,Brussels,AstraZeneca/Oxford,0,0
2021-01-12,Ostbelgien,,0,0
2021-01-12,Ostbelgien,Pfizer/BioNTech,86,0
2021-01-12,Ostbelgien,Moderna,0,0
2021-01-12,Ostbelgien,AstraZeneca/Oxford,0,0
2021-01-13,,Pfizer/BioNTech,95,0
2021-01-13,,Moderna,0,0
2021-01-13,,AstraZeneca/Oxford,0,0
2021-01-13,Flanders,,0,0
2021-01-13,Flanders,Pfizer/BioNTech,10166,0
2021-01-13,Flanders,Moderna,0,0
2021-01-13,Flanders,AstraZeneca/Oxford,0,0
2021-01-13,Wallonia,,0,0
2021-01-13,Wallonia,Pfizer/BioNTech,7758,0
2021-01-13,Wallonia,Moderna,0,0
2021-01-13,Wallonia,AstraZeneca/Oxford,0,0
2021-01-13,Brussels,,0,0
2021-01-13,Brussels,Pfizer/BioNTech,3346,0
2021-01-13,Brussels,Moderna,1,0
2021-01-13,Brussels,AstraZeneca/Oxford,0,0
2021-01-13,Ostbelgien,,0,0
2021-01-13,Ostbelgien,Pfizer/BioNTech,55,0
2021-01-13,Ostbelgien,Moderna,0,0
2021-01-13,Ostbelgien,AstraZeneca/Oxford,0,0
2021-01-14,,Pfizer/BioNTech,98,0
2021-01-14,,Moderna,1,0
2021-01-14,,AstraZeneca/Oxford,0,0
2021-01-14,Flanders,,0,0
2021-01-14,Flanders,Pfizer/BioNTech,14409,0
2021-01-14,Flanders,Moderna,0,0
2021-01-14,Flanders,AstraZeneca/Oxford,0,0
2021-01-14,Wallonia,,0,0
2021-01-14,Wallonia,Pfizer/BioNTech,6986,0
2021-01-14,Wallonia,Moderna,0,0
2021-01-14,Wallonia,AstraZeneca/Oxford,0,0
2021-01-14,Brussels,,0,0
2021-01-14,Brussels,Pfizer/BioNTech,1721,0
2021-01-14,Brussels,Moderna,0,0
2021-01-14,Brussels,AstraZeneca/Oxford,0,0
2021-01-14,Ostbelgien,,0,0
2021-01-14,Ostbelgien,Pfizer/BioNTech,10,0
2021-01-14,Ostbelgien,Moderna,0,0
2021-01-14,Ostbelgien,AstraZeneca/Oxford,0,0
2021-01-15,,Pfizer/BioNTech,77,0
2021-01-15,,Moderna,0,0
2021-01-15,,AstraZeneca/Oxford,0,0
2021-01-15,Flanders,,0,0
2021-01-15,Flanders,Pfizer/BioNTech,15916,0
2021-01-15,Flanders,Moderna,0,0
2021-01-15,Flanders,AstraZeneca/Oxford,0,0
2021-01-15,Wallonia,,0,0
2021-01-15,Wallonia,Pfizer/BioNTech,6504,0
2021-01-15,Wallonia,Moderna,0,0
2021-01-15,Wallonia,AstraZeneca/Oxford,0,0
2021-01-15,Brussels,,0,0
2021-01-15,Brussels,Pfizer/BioNTech,818,0
2021-01-15,Brussels,Moderna,0,0
2021-01-15,Brussels,AstraZeneca/Oxford,0,0
2021-01-15,Ostbelgien,,0,0
2021-01-15,Ostbelgien,Pfizer/BioNTech,3,0
2021-01-15,Ostbelgien,Moderna,0,0
2021-01-15,Ostbelgien,AstraZeneca/Oxford,0,0
2021-01-16,,Pfizer/BioNTech,1,0
2021-01-16,,Moderna,0,0
2021-01-16,,AstraZeneca/Oxford,0,0
2021-01-16,Flanders,,0,0
2021-01-16,Flanders,Pfizer/BioNTech,4808,0
2021-01-16,Flanders,Moderna,0,0
2021-01-16,Flanders,AstraZeneca/Oxford,0,0
2021-01-16,Wallonia,,0,0
2021-01-16,Wallonia,Pfizer/BioNTech,332,0
2021-01-16,Wallonia,Moderna,0,0
2021-01-16,Wallonia,AstraZeneca/Oxford,0,0
2021-01-16,Brussels,,0,0
2021-01-16,Brussels,Pfizer/BioNTech,18,0
2021-01-16,Brussels,Moderna,0,0
2021-01-16,Brussels,AstraZeneca/Oxford,0,0
2021-01-16,Ostbelgien,,0,0
2021-01-16,Ostbelgien,Pfizer/BioNTech,0,0
2021-01-16,Ostbelgien,Moderna,0,0
2021-01-16,Ostbelgien,AstraZeneca/Oxford,0,0
2021-01-17,,Pfizer/BioNTech,4,0
2021-01-17,,Moderna,0,0
2021-01-17,,AstraZeneca/Oxford,0,0
2021-01-17,Flanders,,0,0
2021-01-17,Flanders,Pfizer/BioNTech,3289,0
2021-01-17,Flanders,Moderna,0,0
2021-01-17,Flanders,AstraZeneca/Oxford,0,0
2021-01-17,Wallonia,,0,0
2021-01-17,Wallonia,Pfizer/BioNTech,7,0
2021-01-17,Wallonia,Moderna,0,0
2021-01-17,Wallonia,AstraZeneca/Oxford,0,0
2021-01-17,Brussels,,0,0
2021-01-17,Brussels,Pfizer/BioNTech,4,0
2021-01-17,Brussels,Moderna,0,0
2021-01-17,Brussels,AstraZeneca/Oxford,0,0
2021-01-17,Ostbelgien,,0,0
2021-01-17,Ostbelgien,Pfizer/BioNTech,0,0
2021-01-17,Ostbelgien,Moderna,0,0
2021-01-17,Ostbelgien,AstraZeneca/Oxford,0,0
2021-01-18,,Pfizer/BioNTech,83,0
2021-01-18,,Moderna,4,0
2021-01-18,,AstraZeneca/Oxford,0,0
2021-01-18,Flanders,,0,0
2021-01-18,Flanders,Pfizer/BioNTech,6298,109
2021-01-18,Flanders,Moderna,166,0
2021-01-18,Flanders,AstraZeneca/Oxford,0,0
2021-01-18,Wallonia,,0,0
2021-01-18,Wallonia,Pfizer/BioNTech,3980,0
2021-01-18,Wallonia,Moderna,130,0
2021-01-18,Wallonia,AstraZeneca/Oxford,0,0
2021-01-18,Brussels,,0,0
2021-01-18,Brussels,Pfizer/BioNTech,69,0
2021-01-18,Brussels,Moderna,57,0
2021-01-18,Brussels,AstraZeneca/Oxford,0,0
2021-01-18,Ostbelgien,,0,0
2021-01-18,Ostbelgien,Pfizer/BioNTech,58,0
2021-01-18,Ostbelgien,Moderna,77,0
2021-01-18,Ostbelgien,AstraZeneca/Oxford,0,0
2021-01-19,,Pfizer/BioNTech,92,0
2021-01-19,,Moderna,5,0
2021-01-19,,AstraZeneca/Oxford,0,0
2021-01-19,Flanders,,0,0
2021-01-19,Flanders,Pfizer/BioNTech,11147,10
2021-01-19,Flanders,Moderna,287,0
2021-01-19,Flanders,AstraZeneca/Oxford,0,0
2021-01-19,Wallonia,,0,0
2021-01-19,Wallonia,Pfizer/BioNTech,5930,116
2021-01-19,Wallonia,Moderna,249,0
2021-01-19,Wallonia,AstraZeneca/Oxford,0,0
2021-01-19,Brussels,,0,0
2021-01-19,Brussels,Pfizer/BioNTech,1106,55
2021-01-19,Brussels,Moderna,171,0
2021-01-19,Brussels,AstraZeneca/Oxford,0,0
2021-01-19,Ostbelgien,,0,0
2021-01-19,Ostbelgien,Pfizer/BioNTech,80,0
2021-01-19,Ostbelgien,Moderna,0,0
2021-01-19,Ostbelgien,AstraZeneca/Oxford,0,0
2021-01-20,,Pfizer/BioNTech,123,0
2021-01-20,,Moderna,6,0
2021-01-20,,AstraZeneca/Oxford,0,0
2021-01-20,Flanders,,0,0
2021-01-20,Flanders,Pfizer/BioNTech,14015,419
2021-01-20,Flanders,Moderna,264,0
2021-01-20,Flanders,AstraZeneca/Oxford,0,0
2021-01-20,Wallonia,,0,0
2021-01-20,Wallonia,Pfizer/BioNTech,5390,0
2021-01-20,Wallonia,Moderna,189,0
2021-01-20,Wallonia,AstraZeneca/Oxford,0,0
2021-01-20,Brussels,,0,0
2021-01-20,Brussels,Pfizer/BioNTech,893,4
2021-01-20,Brussels,Moderna,12,0
2021-01-20,Brussels,AstraZeneca/Oxford,0,0
2021-01-20,Ostbelgien,,0,0
2021-01-20,Ostbelgien,Pfizer/BioNTech,43,0
2021-01-20,Ostbelgien,Moderna,0,0
2021-01-20,Ostbelgien,AstraZeneca/Oxford,0,0
2021-01-21,,Pfizer/BioNTech,134,1
2021-01-21,,Moderna,14,0
2021-01-21,,AstraZeneca/Oxford,0,0
2021-01-21,Flanders,,0,0
2021-01-21,Flanders,Pfizer/BioNTech,19404,0
2021-01-21,Flanders,Moderna,497,0
2021-01-21,Flanders,AstraZeneca/Oxford,0,0
2021-01-21,Wallonia,,0,0
2021-01-21,Wallonia,Pfizer/BioNTech,8383,0
2021-01-21,Wallonia,Moderna,365,0
2021-01-21,Wallonia,AstraZeneca/Oxford,0,0
2021-01-21,Brussels,,0,0
2021-01-21,Brussels,Pfizer/BioNTech,855,0
2021-01-21,Brussels,Moderna,192,0
2021-01-21,Brussels,AstraZeneca/Oxford,0,0
2021-01-21,Ostbelgien,,0,0
2021-01-21,Ostbelgien,Pfizer/BioNTech,84,0
2021-01-21,Ostbelgien,Moderna,184,0
2021-01-21,Ostbelgien,AstraZeneca/Oxford,0,0
2021-01-22,,Pfizer/BioNTech,156,0
2021-01-22,,Moderna,7,0
2021-01-22,,AstraZeneca/Oxford,0,0
2021-01-22,Flanders,,0,0
2021-01-22,Flanders,Pfizer/BioNTech,21544,30
2021-01-22,Flanders,Moderna,742,0
2021-01-22,Flanders,AstraZeneca/Oxford,0,0
2021-01-22,Wallonia,,0,0
2021-01-22,Wallonia,Pfizer/BioNTech,5564,1
2021-01-22,Wallonia,Moderna,389,0
2021-01-22,Wallonia,AstraZeneca/Oxford,0,0
2021-01-22,Brussels,,0,0
2021-01-22,Brussels,Pfizer/BioNTech,710,1
2021-01-22,Brussels,Moderna,207,0
2021-01-22,Brussels,AstraZeneca/Oxford,0,0
2021-01-22,Ostbelgien,,0,0
2021-01-22,Ostbelgien,Pfizer/BioNTech,86,0
2021-01-22,Ostbelgien,Moderna,0,0
2021-01-22,Ostbelgien,AstraZeneca/Oxford,0,0
2021-01-23,,Pfizer/BioNTech,7,0
2021-01-23,,Moderna,0,0
2021-01-23,,AstraZeneca/Oxford,0,0
2021-01-23,Flanders,,0,0
2021-01-23,Flanders,Pfizer/BioNTech,7641,7
2021-01-23,Flanders,Moderna,34,0
2021-01-23,Flanders,AstraZeneca/Oxford,0,0
2021-01-23,Wallonia,,0,0
2021-01-23,Wallonia,Pfizer/BioNTech,388,0
2021-01-23,Wallonia,Moderna,66,0
2021-01-23,Wallonia,AstraZeneca/Oxford,0,0
2021-01-23,Brussels,,0,0
2021-01-23,Brussels,Pfizer/BioNTech,56,0
2021-01-23,Brussels,Moderna,95,0
2021-01-23,Brussels,AstraZeneca/Oxford,0,0
2021-01-23,Ostbelgien,,0,0
2021-01-23,Ostbelgien,Pfizer/BioNTech,10,0
2021-01-23,Ostbelgien,Moderna,0,0
2021-01-23,Ostbelgien,AstraZeneca/Oxford,0,0
2021-01-24,,Pfizer/BioNTech,0,0
2021-01-24,,Moderna,0,0
2021-01-24,,AstraZeneca/Oxford,0,0
2021-01-24,Flanders,,0,0
2021-01-24,Flanders,Pfizer/BioNTech,1768,0
2021-01-24,Flanders,Moderna,0,0
2021-01-24,Flanders,AstraZeneca/Oxford,0,0
2021-01-24,Wallonia,,0,0
2021-01-24,Wallonia,Pfizer/BioNTech,98,0
2021-01-24,Wallonia,Moderna,0,0
2021-01-24,Wallonia,AstraZeneca/Oxford,0,0
2021-01-24,Brussels,,0,0
2021-01-24,Brussels,Pfizer/BioNTech,4,0
2021-01-24,Brussels,Moderna,0,0
2021-01-24,Brussels,AstraZeneca/Oxford,0,0
2021-01-24,Ostbelgien,,0,0
2021-01-24,Ostbelgien,Pfizer/BioNTech,5,0
2021-01-24,Ostbelgien,Moderna,0,0
2021-01-24,Ostbelgien,AstraZeneca/Oxford,0,0
2021-01-25,,Pfizer/BioNTech,64,0
2021-01-25,,Moderna,0,0
2021-01-25,,AstraZeneca/Oxford,0,0
2021-01-25,Flanders,,0,0
2021-01-25,Flanders,Pfizer/BioNTech,8905,0
2021-01-25,Flanders,Moderna,81,0
2021-01-25,Flanders,AstraZeneca/Oxford,0,0
2021-01-25,Wallonia,,0,0
2021-01-25,Wallonia,Pfizer/BioNTech,1607,0
2021-01-25,Wallonia,Moderna,160,0
2021-01-25,Wallonia,AstraZeneca/Oxford,0,0
2021-01-25,Brussels,,0,0
2021-01-25,Brussels,Pfizer/BioNTech,224,0
2021-01-25,Brussels,Moderna,94,0
2021-01-25,Brussels,AstraZeneca/Oxford,0,0
2021-01-25,Ostbelgien,,0,0
2021-01-25,Ostbelgien,Pfizer/BioNTech,121,0
2021-01-25,Ostbelgien,Moderna,0,0
2021-01-25,Ostbelgien,AstraZeneca/Oxford,0,0
2021-01-26,,Pfizer/BioNTech,82,1
2021-01-26,,Moderna,2,0
2021-01-26,,AstraZeneca/Oxford,0,0
2021-01-26,Flanders,,0,0
2021-01-26,Flanders,Pfizer/BioNTech,6822,44
2021-01-26,Flanders,Moderna,51,0
2021-01-26,Flanders,AstraZeneca/Oxford,0,0
2021-01-26,Wallonia,,0,0
2021-01-26,Wallonia,Pfizer/BioNTech,3025,826
2021-01-26,Wallonia,Moderna,352,0
2021-01-26,Wallonia,AstraZeneca/Oxford,0,0
2021-01-26,Brussels,,0,0
2021-01-26,Brussels,Pfizer/BioNTech,441,763
2021-01-26,Brussels,Moderna,59,0
2021-01-26,Brussels,AstraZeneca/Oxford,0,0
2021-01-26,Ostbelgien,,0,0
2021-01-26,Ostbelgien,Pfizer/BioNTech,137,73
2021-01-26,Ostbelgien,Moderna,0,0
2021-01-26,Ostbelgien,AstraZeneca/Oxford,0,0
2021-01-27,,Pfizer/BioNTech,61,19
2021-01-27,,Moderna,1,0
2021-01-27,,AstraZeneca/Oxford,0,0
2021-01-27,Flanders,,0,0
2021-01-27,Flanders,Pfizer/BioNTech,8681,777
2021-01-27,Flanders,Moderna,48,0
2021-01-27,Flanders,AstraZeneca/Oxford,0,0
2021-01-27,Wallonia,,0,0
2021-01-27,Wallonia,Pfizer/BioNTech,3010,1667
2021-01-27,Wallonia,Moderna,141,1
2021-01-27,Wallonia,AstraZeneca/Oxford,0,0
2021-01-27,Brussels,,0,0
2021-01-27,Brussels,Pfizer/BioNTech,793,942
2021-01-27,Brussels,Moderna,71,0
2021-01-27,Brussels,AstraZeneca/Oxford,0,0
2021-01-27,Ostbelgien,,0,0
2021-01-27,Ostbelgien,Pfizer/BioNTech,249,2
2021-01-27,Ostbelgien,Moderna,0,0
2021-01-27,Ostbelgien,AstraZeneca/Oxford,0,0
2021-01-28,,Pfizer/BioNTech,125,60
2021-01-28,,Moderna,1,0
2021-01-28,,AstraZeneca/Oxford,0,0
2021-01-28,Flanders,,0,0
2021-01-28,Flanders,Pfizer/BioNTech,10083,2059
2021-01-28,Flanders,Moderna,55,0
2021-01-28,Flanders,AstraZeneca/Oxford,0,0
2021-01-28,Wallonia,,0,0
2021-01-28,Wallonia,Pfizer/BioNTech,4462,4450
2021-01-28,Wallonia,Moderna,70,1
2021-01-28,Wallonia,AstraZeneca/Oxford,0,0
2021-01-28,Brussels,,0,0
2021-01-28,Brussels,Pfizer/BioNTech,683,837
2021-01-28,Brussels,Moderna,71,1
2021-01-28,Brussels,AstraZeneca/Oxford,0,0
2021-01-28,Ostbelgien,,0,0
2021-01-28,Ostbelgien,Pfizer/BioNTech,20,75
2021-01-28,Ostbelgien,Moderna,1,0
2021-01-28,Ostbelgien,AstraZeneca/Oxford,0,0
2021-01-29,,Pfizer/BioNTech,58,26
2021-01-29,,Moderna,2,0
2021-01-29,,AstraZeneca/Oxford,0,0
2021-01-29,Flanders,,0,0
2021-01-29,Flanders,Pfizer/BioNTech,7359,2990
2021-01-29,Flanders,Moderna,54,0
2021-01-29,Flanders,AstraZeneca/Oxford,0,0
2021-01-29,Wallonia,,0,0
2021-01-29,Wallonia,Pfizer/BioNTech,3799,4832
2021-01-29,Wallonia,Moderna,38,0
2021-01-29,Wallonia,AstraZeneca/Oxford,0,0
2021-01-29,Brussels,,0,0
2021-01-29,Brussels,Pfizer/BioNTech,696,1026
2021-01-29,Brussels,Moderna,82,0
2021-01-29,Brussels,AstraZeneca/Oxford,0,0
2021-01-29,Ostbelgien,,0,0
2021-01-29,Ostbelgien,Pfizer/BioNTech,13,53
2021-01-29,Ostbelgien,Moderna,1,0
2021-01-29,Ostbelgien,AstraZeneca/Oxford,0,0
2021-01-30,,Pfizer/BioNTech,3,0
2021-01-30,,Moderna,0,0
2021-01-30,,AstraZeneca/Oxford,0,0
2021-01-30,Flanders,,0,0
2021-01-30,Flanders,Pfizer/BioNTech,1375,2749
2021-01-30,Flanders,Moderna,2,0
2021-01-30,Flanders,AstraZeneca/Oxford,0,0
2021-01-30,Wallonia,,0,0
2021-01-30,Wallonia,Pfizer/BioNTech,126,95
2021-01-30,Wallonia,Moderna,0,0
2021-01-30,Wallonia,AstraZeneca/Oxford,0,0
2021-01-30,Brussels,,0,0
2021-01-30,Brussels,Pfizer/BioNTech,83,30
2021-01-30,Brussels,Moderna,0,0
2021-01-30,Brussels,AstraZeneca/Oxford,0,0
2021-01-30,Ostbelgien,,0,0
2021-01-30,Ostbelgien,Pfizer/BioNTech,1,0
2021-01-30,Ostbelgien,Moderna,0,0
2021-01-30,Ostbelgien,AstraZeneca/Oxford,0,0
2021-01-31,,Pfizer/BioNTech,1,0
2021-01-31,,Moderna,0,0
2021-01-31,,AstraZeneca/Oxford,0,0
2021-01-31,Flanders,,0,0
2021-01-31,Flanders,Pfizer/BioNTech,303,243
2021-01-31,Flanders,Moderna,217,0
2021-01-31,Flanders,AstraZeneca/Oxford,0,0
2021-01-31,Wallonia,,0,0
2021-01-31,Wallonia,Pfizer/BioNTech,46,80
2021-01-31,Wallonia,Moderna,0,0
2021-01-31,Wallonia,AstraZeneca/Oxford,0,0
2021-01-31,Brussels,,0,0
2021-01-31,Brussels,Pfizer/BioNTech,8,4
2021-01-31,Brussels,Moderna,0,0
2021-01-31,Brussels,AstraZeneca/Oxford,0,0
2021-01-31,Ostbelgien,,0,0
2021-01-31,Ostbelgien,Pfizer/BioNTech,0,1
2021-01-31,Ostbelgien,Moderna,0,0
2021-01-31,Ostbelgien,AstraZeneca/Oxford,0,0
2021-02-01,,Pfizer/BioNTech,11,16
2021-02-01,,Moderna,5,0
2021-02-01,,AstraZeneca/Oxford,0,0
2021-02-01,Flanders,,0,0
2021-02-01,Flanders,Pfizer/BioNTech,1834,3549
2021-02-01,Flanders,Moderna,1322,2
2021-02-01,Flanders,AstraZeneca/Oxford,0,0
2021-02-01,Wallonia,,0,0
2021-02-01,Wallonia,Pfizer/BioNTech,573,74
2021-02-01,Wallonia,Moderna,4,0
2021-02-01,Wallonia,AstraZeneca/Oxford,0,0
2021-02-01,Brussels,,0,0
2021-02-01,Brussels,Pfizer/BioNTech,100,6
2021-02-01,Brussels,Moderna,78,0
2021-02-01,Brussels,AstraZeneca/Oxford,0,0
2021-02-01,Ostbelgien,,0,0
2021-02-01,Ostbelgien,Pfizer/BioNTech,1,111
2021-02-01,Ostbelgien,Moderna,0,0
2021-02-01,Ostbelgien,AstraZeneca/Oxford,0,0
2021-02-02,,Pfizer/BioNTech,131,131
2021-02-02,,Moderna,23,0
2021-02-02,,AstraZeneca/Oxford,0,0
2021-02-02,Flanders,,0,0
2021-02-02,Flanders,Pfizer/BioNTech,3288,7142
2021-02-02,Flanders,Moderna,2791,1
2021-02-02,Flanders,AstraZeneca/Oxford,0,0
2021-02-02,Wallonia,,0,0
2021-02-02,Wallonia,Pfizer/BioNTech,3005,5641
2021-02-02,Wallonia,Moderna,220,2
2021-02-02,Wallonia,AstraZeneca/Oxford,0,0
2021-02-02,Brussels,,0,0
2021-02-02,Brussels,Pfizer/BioNTech,393,771
2021-02-02,Brussels,Moderna,151,0
2021-02-02,Brussels,AstraZeneca/Oxford,0,0
2021-02-02,Ostbelgien,,0,0
2021-02-02,Ostbelgien,Pfizer/BioNTech,139,77
2021-02-02,Ostbelgien,Moderna,0,0
2021-02-02,Ostbelgien,AstraZeneca/Oxford,0,0
2021-02-03,,Pfizer/BioNTech,71,82
2021-02-03,,Moderna,11,0
2021-02-03,,AstraZeneca/Oxford,0,0
2021-02-03,Flanders,,0,0
2021-02-03,Flanders,Pfizer/BioNTech,3436,10082
2021-02-03,Flanders,Moderna,1233,0
2021-02-03,Flanders,AstraZeneca/Oxford,0,0
2021-02-03,Wallonia,,0,0
2021-02-03,Wallonia,Pfizer/BioNTech,3658,7356
2021-02-03,Wallonia,Moderna,341,2
2021-02-03,Wallonia,AstraZeneca/Oxford,0,0
2021-02-03,Brussels,,0,0
2021-02-03,Brussels,Pfizer/BioNTech,972,3050
2021-02-03,Brussels,Moderna,152,0
2021-02-03,Brussels,AstraZeneca/Oxford,0,0
2021-02-03,Ostbelgien,,0,0
2021-02-03,Ostbelgien,Pfizer/BioNTech,201,12
2021-02-03,Ostbelgien,Moderna,0,0
2021-02-03,Ostbelgien,AstraZeneca/Oxford,0,0
2021-02-04,,Pfizer/BioNTech,85,104
2021-02-04,,Moderna,26,0
2021-02-04,,AstraZeneca/Oxford,0,0
2021-02-04,Flanders,,0,0
2021-02-04,Flanders,Pfizer/BioNTech,3610,14001
2021-02-04,Flanders,Moderna,700,0
2021-02-04,Flanders,AstraZeneca/Oxford,1,0
2021-02-04,Wallonia,,0,0
2021-02-04,Wallonia,Pfizer/BioNTech,3680,7943
2021-02-04,Wallonia,Moderna,701,0
2021-02-04,Wallonia,AstraZeneca/Oxford,0,1
2021-02-04,Brussels,,0,0
2021-02-04,Brussels,Pfizer/BioNTech,545,1775
2021-02-04,Brussels,Moderna,222,1
2021-02-04,Brussels,AstraZeneca/Oxford,0,0
2021-02-04,Ostbelgien,,0,0
2021-02-04,Ostbelgien,Pfizer/BioNTech,41,60
2021-02-04,Ostbelgien,Moderna,320,0
2021-02-04,Ostbelgien,AstraZeneca/Oxford,0,0
2021-02-05,,Pfizer/BioNTech,60,65
2021-02-05,,Moderna,21,0
2021-02-05,,AstraZeneca/Oxford,0,0
2021-02-05,Flanders,,0,0
2021-02-05,Flanders,Pfizer/BioNTech,2907,15024
2021-02-05,Flanders,Moderna,370,0
2021-02-05,Flanders,AstraZeneca/Oxford,0,0
2021-02-05,Wallonia,,0,0
2021-02-05,Wallonia,Pfizer/BioNTech,3416,6528
2021-02-05,Wallonia,Moderna,497,0
2021-02-05,Wallonia,AstraZeneca/Oxford,0,0
2021-02-05,Brussels,,0,0
2021-02-05,Brussels,Pfizer/BioNTech,556,969
2021-02-05,Brussels,Moderna,32,1
2021-02-05,Brussels,AstraZeneca/Oxford,0,0
2021-02-05,Ostbelgien,,0,0
2021-02-05,Ostbelgien,Pfizer/BioNTech,82,21
2021-02-05,Ostbelgien,Moderna,4,0
2021-02-05,Ostbelgien,AstraZeneca/Oxford,0,0
2021-02-06,,Pfizer/BioNTech,4,5
2021-02-06,,Moderna,3,0
2021-02-06,,AstraZeneca/Oxford,0,0
2021-02-06,Flanders,,0,0
2021-02-06,Flanders,Pfizer/BioNTech,739,4629
2021-02-06,Flanders,Moderna,26,0
2021-02-06,Flanders,AstraZeneca/Oxford,0,0
2021-02-06,Wallonia,,0,0
2021-02-06,Wallonia,Pfizer/BioNTech,253,576
2021-02-06,Wallonia,Moderna,22,0
2021-02-06,Wallonia,AstraZeneca/Oxford,0,0
2021-02-06,Brussels,,0,0
2021-02-06,Brussels,Pfizer/BioNTech,19,19
2021-02-06,Brussels,Moderna,177,1
2021-02-06,Brussels,AstraZeneca/Oxford,0,0
2021-02-06,Ostbelgien,,0,0
2021-02-06,Ostbelgien,Pfizer/BioNTech,0,0
2021-02-06,Ostbelgien,Moderna,0,0
2021-02-06,Ostbelgien,AstraZeneca/Oxford,0,0
2021-02-07,,Pfizer/BioNTech,0,3
2021-02-07,,Moderna,0,0
2021-02-07,,AstraZeneca/Oxford,0,0
2021-02-07,Flanders,,0,0
2021-02-07,Flanders,Pfizer/BioNTech,171,3044
2021-02-07,Flanders,Moderna,112,0
2021-02-07,Flanders,AstraZeneca/Oxford,0,0
2021-02-07,Wallonia,,0,0
2021-02-07,Wallonia,Pfizer/BioNTech,5,19
2021-02-07,Wallonia,Moderna,1,0
2021-02-07,Wallonia,AstraZeneca/Oxford,0,0
2021-02-07,Brussels,,0,0
2021-02-07,Brussels,Pfizer/BioNTech,0,0
2021-02-07,Brussels,Moderna,23,0
2021-02-07,Brussels,AstraZeneca/Oxford,0,0
2021-02-07,Ostbelgien,,0,0
2021-02-07,Ostbelgien,Pfizer/BioNTech,0,0
2021-02-07,Ostbelgien,Moderna,0,0
2021-02-07,Ostbelgien,AstraZeneca/Oxford,0,0
2021-02-08,,Pfizer/BioNTech,25,20
2021-02-08,,Moderna,14,0
2021-02-08,,AstraZeneca/Oxford,0,0
2021-02-08,Flanders,,0,0
2021-02-08,Flanders,Pfizer/BioNTech,920,6704
2021-02-08,Flanders,Moderna,235,0
2021-02-08,Flanders,AstraZeneca/Oxford,0,1
2021-02-08,Wallonia,,0,0
2021-02-08,Wallonia,Pfizer/BioNTech,581,842
2021-02-08,Wallonia,Moderna,241,0
2021-02-08,Wallonia,AstraZeneca/Oxford,0,0
2021-02-08,Brussels,,0,0
2021-02-08,Brussels,Pfizer/BioNTech,182,111
2021-02-08,Brussels,Moderna,148,0
2021-02-08,Brussels,AstraZeneca/Oxford,0,0
2021-02-08,Ostbelgien,,0,0
2021-02-08,Ostbelgien,Pfizer/BioNTech,1,58
2021-02-08,Ostbelgien,Moderna,1,0
2021-02-08,Ostbelgien,AstraZeneca/Oxford,0,0
2021-02-09,,Pfizer/BioNTech,57,136
2021-02-09,,Moderna,50,0
2021-02-09,,AstraZeneca/Oxford,0,0
2021-02-09,Flanders,,0,0
2021-02-09,Flanders,Pfizer/BioNTech,744,10415
2021-02-09,Flanders,Moderna,2439,0
2021-02-09,Flanders,AstraZeneca/Oxford,0,0
2021-02-09,Wallonia,,0,0
2021-02-09,Wallonia,Pfizer/BioNTech,3349,7911
2021-02-09,Wallonia,Moderna,843,1
2021-02-09,Wallonia,AstraZeneca/Oxford,0,0
2021-02-09,Brussels,,0,0
2021-02-09,Brussels,Pfizer/BioNTech,294,948
2021-02-09,Brussels,Moderna,283,0
2021-02-09,Brussels,AstraZeneca/Oxford,0,0
2021-02-09,Ostbelgien,,0,0
2021-02-09,Ostbelgien,Pfizer/BioNTech,4,79
2021-02-09,Ostbelgien,Moderna,5,0
2021-02-09,Ostbelgien,AstraZeneca/Oxford,0,0
2021-02-10,,Pfizer/BioNTech,45,106
2021-02-10,,Moderna,37,0
2021-02-10,,AstraZeneca/Oxford,0,0
2021-02-10,Flanders,,0,0
2021-02-10,Flanders,Pfizer/BioNTech,1224,12289
2021-02-10,Flanders,Moderna,805,0
2021-02-10,Flanders,AstraZeneca/Oxford,0,0
2021-02-10,Wallonia,,0,0
2021-02-10,Wallonia,Pfizer/BioNTech,2627,5405
2021-02-10,Wallonia,Moderna,1188,2
2021-02-10,Wallonia,AstraZeneca/Oxford,2,0
2021-02-10,Brussels,,0,0
2021-02-10,Brussels,Pfizer/BioNTech,292,918
2021-02-10,Brussels,Moderna,223,1
2021-02-10,Brussels,AstraZeneca/Oxford,0,0
2021-02-10,Ostbelgien,,0,0
2021-02-10,Ostbelgien,Pfizer/BioNTech,104,43
2021-02-10,Ostbelgien,Moderna,2,0
2021-02-10,Ostbelgien,AstraZeneca/Oxford,0,0
2021-02-11,,Pfizer/BioNTech,164,156
2021-02-11,,Moderna,58,0
2021-02-11,,AstraZeneca/Oxford,0,0
2021-02-11,Flanders,,0,0
2021-02-11,Flanders,Pfizer/BioNTech,1337,18391
2021-02-11,Flanders,Moderna,380,0
2021-02-11,Flanders,AstraZeneca/Oxford,0,0
2021-02-11,Wallonia,,0,0
2021-02-11,Wallonia,Pfizer/BioNTech,4640,8496
2021-02-11,Wallonia,Moderna,1028,0
2021-02-11,Wallonia,AstraZeneca/Oxford,119,0
2021-02-11,Brussels,,0,0
2021-02-11,Brussels,Pfizer/BioNTech,205,951
2021-02-11,Brussels,Moderna,115,1
2021-02-11,Brussels,AstraZeneca/Oxford,0,0
2021-02-11,Ostbelgien,,0,0
2021-02-11,Ostbelgien,Pfizer/BioNTech,5,83
2021-02-11,Ostbelgien,Moderna,4,0
2021-02-11,Ostbelgien,AstraZeneca/Oxford,0,0
2021-02-12,,Pfizer/BioNTech,216,133
2021-02-12,,Moderna,62,0
2021-02-12,,AstraZeneca/Oxford,2,0
2021-02-12,Flanders,,0,0
2021-02-12,Flanders,Pfizer/BioNTech,1218,21515
2021-02-12,Flanders,Moderna,68,2
2021-02-12,Flanders,AstraZeneca/Oxford,199,0
2021-02-12,Wallonia,,0,0
2021-02-12,Wallonia,Pfizer/BioNTech,3486,5106
2021-02-12,Wallonia,Moderna,824,3
2021-02-12,Wallonia,AstraZeneca/Oxford,67,0
2021-02-12,Brussels,,0,0
2021-02-12,Brussels,Pfizer/BioNTech,115,655
2021-02-12,Brussels,Moderna,169,0
2021-02-12,Brussels,AstraZeneca/Oxford,0,0
2021-02-12,Ostbelgien,,0,0
2021-02-12,Ostbelgien,Pfizer/BioNTech,160,80
2021-02-12,Ostbelgien,Moderna,95,0
2021-02-12,Ostbelgien,AstraZeneca/Oxford,36,0
2021-02-13,,Pfizer/BioNTech,5,9
2021-02-13,,Moderna,0,0
2021-02-13,,AstraZeneca/Oxford,0,0
2021-02-13,Flanders,,0,0
2021-02-13,Flanders,Pfizer/BioNTech,280,7615
2021-02-13,Flanders,Moderna,0,0
2021-02-13,Flanders,AstraZeneca/Oxford,0,0
2021-02-13,Wallonia,,0,0
2021-02-13,Wallonia,Pfizer/BioNTech,206,359
2021-02-13,Wallonia,Moderna,2,0
2021-02-13,Wallonia,AstraZeneca/Oxford,1,0
2021-02-13,Brussels,,0,0
2021-02-13,Brussels,Pfizer/BioNTech,39,41
2021-02-13,Brussels,Moderna,5,0
2021-02-13,Brussels,AstraZeneca/Oxford,0,0
2021-02-13,Ostbelgien,,0,0
2021-02-13,Ostbelgien,Pfizer/BioNTech,25,10
2021-02-13,Ostbelgien,Moderna,0,0
2021-02-13,Ostbelgien,AstraZeneca/Oxford,0,0
2021-02-14,,Pfizer/BioNTech,0,2
2021-02-14,,Moderna,0,0
2021-02-14,,AstraZeneca/Oxford,0,0
2021-02-14,Flanders,,0,0
2021-02-14,Flanders,Pfizer/BioNTech,49,1739
2021-02-14,Flanders,Moderna,0,0
2021-02-14,Flanders,AstraZeneca/Oxford,0,0
2021-02-14,Wallonia,,0,0
2021-02-14,Wallonia,Pfizer/BioNTech,24,95
2021-02-14,Wallonia,Moderna,0,0
2021-02-14,Wallonia,AstraZeneca/Oxford,0,0
2021-02-14,Brussels,,0,0
2021-02-14,Brussels,Pfizer/BioNTech,0,2
2021-02-14,Brussels,Moderna,0,0
2021-02-14,Brussels,AstraZeneca/Oxford,0,0
2021-02-14,Ostbelgien,,0,0
2021-02-14,Ostbelgien,Pfizer/BioNTech,0,5
2021-02-14,Ostbelgien,Moderna,0,0
2021-02-14,Ostbelgien,AstraZeneca/Oxford,0,0
2021-02-15,,Pfizer/BioNTech,8,63
2021-02-15,,Moderna,10,3
2021-02-15,,AstraZeneca/Oxford,0,0
2021-02-15,Flanders,,0,0
2021-02-15,Flanders,Pfizer/BioNTech,611,9318
2021-02-15,Flanders,Moderna,9,151
2021-02-15,Flanders,AstraZeneca/Oxford,134,0
2021-02-15,Wallonia,,0,0
2021-02-15,Wallonia,Pfizer/BioNTech,765,1446
2021-02-15,Wallonia,Moderna,176,125
2021-02-15,Wallonia,AstraZeneca/Oxford,28,0
2021-02-15,Brussels,,0,0
2021-02-15,Brussels,Pfizer/BioNTech,34,217
2021-02-15,Brussels,Moderna,63,65
2021-02-15,Brussels,AstraZeneca/Oxford,48,0
2021-02-15,Ostbelgien,,0,0
2021-02-15,Ostbelgien,Pfizer/BioNTech,167,116
2021-02-15,Ostbelgien,Moderna,0,69
2021-02-15,Ostbelgien,AstraZeneca/Oxford,0,0
2021-02-16,,Pfizer/BioNTech,12,85
2021-02-16,,Moderna,14,4
2021-02-16,,AstraZeneca/Oxford,1,0
2021-02-16,Flanders,,0,0
2021-02-16,Flanders,Pfizer/BioNTech,1795,6462
2021-02-16,Flanders,Moderna,6,212
2021-02-16,Flanders,AstraZeneca/Oxford,122,0
2021-02-16,Wallonia,,0,0
2021-02-16,Wallonia,Pfizer/BioNTech,1502,2879
2021-02-16,Wallonia,Moderna,115,232
2021-02-16,Wallonia,AstraZeneca/Oxford,9,0
2021-02-16,Brussels,,0,0
2021-02-16,Brussels,Pfizer/BioNTech,332,404
2021-02-16,Brussels,Moderna,43,158
2021-02-16,Brussels,AstraZeneca/Oxford,23,0
2021-02-16,Ostbelgien,,0,0
2021-02-16,Ostbelgien,Pfizer/BioNTech,44,6
2021-02-16,Ostbelgien,Moderna,0,0
2021-02-16,Ostbelgien,AstraZeneca/Oxford,0,0
2021-02-17,,Pfizer/BioNTech,30,58
2021-02-17,,Moderna,0,6
2021-02-17,,AstraZeneca/Oxford,1,0
2021-02-17,Flanders,,0,0
2021-02-17,Flanders,Pfizer/BioNTech,4157,8178
2021-02-17,Flanders,Moderna,7,206
2021-02-17,Flanders,AstraZeneca/Oxford,572,0
2021-02-17,Wallonia,,0,0
2021-02-17,Wallonia,Pfizer/BioNTech,1673,2935
2021-02-17,Wallonia,Moderna,2,188
2021-02-17,Wallonia,AstraZeneca/Oxford,5,0
2021-02-17,Brussels,,0,0
2021-02-17,Brussels,Pfizer/BioNTech,584,828
2021-02-17,Brussels,Moderna,44,16
2021-02-17,Brussels,AstraZeneca/Oxford,11,0
2021-02-17,Ostbelgien,,0,0
2021-02-17,Ostbelgien,Pfizer/BioNTech,8,160
2021-02-17,Ostbelgien,Moderna,0,0
2021-02-17,Ostbelgien,AstraZeneca/Oxford,0,0
2021-02-18,,Pfizer/BioNTech,41,104
2021-02-18,,Moderna,1,15
2021-02-18,,AstraZeneca/Oxford,4,0
2021-02-18,Flanders,,0,0
2021-02-18,Flanders,Pfizer/BioNTech,5775,10705
2021-02-18,Flanders,Moderna,1,401
2021-02-18,Flanders,AstraZeneca/Oxford,1495,0
2021-02-18,Wallonia,,0,0
2021-02-18,Wallonia,Pfizer/BioNTech,2684,4263
2021-02-18,Wallonia,Moderna,1,342
2021-02-18,Wallonia,AstraZeneca/Oxford,7,0
2021-02-18,Brussels,,0,0
2021-02-18,Brussels,Pfizer/BioNTech,546,600
2021-02-18,Brussels,Moderna,64,152
2021-02-18,Brussels,AstraZeneca/Oxford,160,0
2021-02-18,Ostbelgien,,0,0
2021-02-18,Ostbelgien,Pfizer/BioNTech,137,71
2021-02-18,Ostbelgien,Moderna,2,183
2021-02-18,Ostbelgien,AstraZeneca/Oxford,0,0
2021-02-19,,Pfizer/BioNTech,99,54
2021-02-19,,Moderna,0,6
2021-02-19,,AstraZeneca/Oxford,10,0
2021-02-19,Flanders,,0,0
2021-02-19,Flanders,Pfizer/BioNTech,9484,7287
2021-02-19,Flanders,Moderna,115,679
2021-02-19,Flanders,AstraZeneca/Oxford,4381,0
2021-02-19,Wallonia,,0,0
2021-02-19,Wallonia,Pfizer/BioNTech,2531,3706
2021-02-19,Wallonia,Moderna,33,242
2021-02-19,Wallonia,AstraZeneca/Oxford,6,0
2021-02-19,Brussels,,0,0
2021-02-19,Brussels,Pfizer/BioNTech,425,612
2021-02-19,Brussels,Moderna,122,186
2021-02-19,Brussels,AstraZeneca/Oxford,333,0
2021-02-19,Ostbelgien,,0,0
2021-02-19,Ostbelgien,Pfizer/BioNTech,177,145
2021-02-19,Ostbelgien,Moderna,0,0
2021-02-19,Ostbelgien,AstraZeneca/Oxford,0,0
2021-02-20,,Pfizer/BioNTech,9,3
2021-02-20,,Moderna,0,0
2021-02-20,,AstraZeneca/Oxford,3,0
2021-02-20,Flanders,,0,0
2021-02-20,Flanders,Pfizer/BioNTech,2054,1261
2021-02-20,Flanders,Moderna,3,44
2021-02-20,Flanders,AstraZeneca/Oxford,2025,0
2021-02-20,Wallonia,,0,0
2021-02-20,Wallonia,Pfizer/BioNTech,9,102
2021-02-20,Wallonia,Moderna,0,36
2021-02-20,Wallonia,AstraZeneca/Oxford,5,0
2021-02-20,Brussels,,0,0
2021-02-20,Brussels,Pfizer/BioNTech,9,11
2021-02-20,Brussels,Moderna,0,115
2021-02-20,Brussels,AstraZeneca/Oxford,232,0
2021-02-20,Ostbelgien,,0,0
2021-02-20,Ostbelgien,Pfizer/BioNTech,0,1
2021-02-20,Ostbelgien,Moderna,0,0
2021-02-20,Ostbelgien,AstraZeneca/Oxford,0,0
2021-02-21,,Pfizer/BioNTech,7,1
2021-02-21,,Moderna,0,0
2021-02-21,,AstraZeneca/Oxford,0,0
2021-02-21,Flanders,,0,0
2021-02-21,Flanders,Pfizer/BioNTech,1320,177
2021-02-21,Flanders,Moderna,0,10
2021-02-21,Flanders,AstraZeneca/Oxford,545,0
2021-02-21,Wallonia,,0,0
2021-02-21,Wallonia,Pfizer/BioNTech,12,56
2021-02-21,Wallonia,Moderna,1,1
2021-02-21,Wallonia,AstraZeneca/Oxford,0,0
2021-02-21,Brussels,,0,0
2021-02-21,Brussels,Pfizer/BioNTech,2,7
2021-02-21,Brussels,Moderna,0,11
2021-02-21,Brussels,AstraZeneca/Oxford,2,0
2021-02-21,Ostbelgien,,0,0
2021-02-21,Ostbelgien,Pfizer/BioNTech,0,0
2021-02-21,Ostbelgien,Moderna,0,0
2021-02-21,Ostbelgien,AstraZeneca/Oxford,0,0
2021-02-22,,Pfizer/BioNTech,35,13
2021-02-22,,Moderna,1,0
2021-02-22,,AstraZeneca/Oxford,4,0
2021-02-22,Flanders,,0,0
2021-02-22,Flanders,Pfizer/BioNTech,3952,1653
2021-02-22,Flanders,Moderna,1,75
2021-02-22,Flanders,AstraZeneca/Oxford,4222,0
2021-02-22,Wallonia,,0,0
2021-02-22,Wallonia,Pfizer/BioNTech,848,684
2021-02-22,Wallonia,Moderna,0,159
2021-02-22,Wallonia,AstraZeneca/Oxford,187,0
2021-02-22,Brussels,,0,0
2021-02-22,Brussels,Pfizer/BioNTech,277,138
2021-02-22,Brussels,Moderna,97,58
2021-02-22,Brussels,AstraZeneca/Oxford,94,0
2021-02-22,Ostbelgien,,0,0
2021-02-22,Ostbelgien,Pfizer/BioNTech,3,34
2021-02-22,Ostbelgien,Moderna,0,0
2021-02-22,Ostbelgien,AstraZeneca/Oxford,1,0
2021-02-23,,Pfizer/BioNTech,82,59
2021-02-23,,Moderna,1,2
2021-02-23,,AstraZeneca/Oxford,11,0
2021-02-23,Flanders,,0,0
2021-02-23,Flanders,Pfizer/BioNTech,2593,3687
2021-02-23,Flanders,Moderna,17,263
2021-02-23,Flanders,AstraZeneca/Oxford,7301,0
2021-02-23,Wallonia,,0,0
2021-02-23,Wallonia,Pfizer/BioNTech,1060,2721
2021-02-23,Wallonia,Moderna,2,370
2021-02-23,Wallonia,AstraZeneca/Oxford,563,0
2021-02-23,Brussels,,0,0
2021-02-23,Brussels,Pfizer/BioNTech,385,347
2021-02-23,Brussels,Moderna,92,73
2021-02-23,Brussels,AstraZeneca/Oxford,60,0
2021-02-23,Ostbelgien,,0,0
2021-02-23,Ostbelgien,Pfizer/BioNTech,1,139
2021-02-23,Ostbelgien,Moderna,0,0
2021-02-23,Ostbelgien,AstraZeneca/Oxford,0,0
2021-02-24,,Pfizer/BioNTech,49,47
2021-02-24,,Moderna,3,1
2021-02-24,,AstraZeneca/Oxford,7,0
2021-02-24,Flanders,,0,0
2021-02-24,Flanders,Pfizer/BioNTech,6812,3053
2021-02-24,Flanders,Moderna,7,52
2021-02-24,Flanders,AstraZeneca/Oxford,4551,0
2021-02-24,Wallonia,,0,0
2021-02-24,Wallonia,Pfizer/BioNTech,1504,3759
2021-02-24,Wallonia,Moderna,7,164
2021-02-24,Wallonia,AstraZeneca/Oxford,979,0
2021-02-24,Brussels,,0,0
2021-02-24,Brussels,Pfizer/BioNTech,730,932
2021-02-24,Brussels,Moderna,88,77
2021-02-24,Brussels,AstraZeneca/Oxford,75,0
2021-02-24,Ostbelgien,,0,0
2021-02-24,Ostbelgien,Pfizer/BioNTech,2,87
2021-02-24,Ostbelgien,Moderna,0,0
2021-02-24,Ostbelgien,AstraZeneca/Oxford,0,0
2021-02-25,,Pfizer/BioNTech,56,50
2021-02-25,,Moderna,0,1
2021-02-25,,AstraZeneca/Oxford,5,0
2021-02-25,Flanders,,0,0
2021-02-25,Flanders,Pfizer/BioNTech,13506,4193
2021-02-25,Flanders,Moderna,25,62
2021-02-25,Flanders,AstraZeneca/Oxford,4177,0
2021-02-25,Wallonia,,0,0
2021-02-25,Wallonia,Pfizer/BioNTech,1767,3556
2021-02-25,Wallonia,Moderna,3,121
2021-02-25,Wallonia,AstraZeneca/Oxford,2124,0
2021-02-25,Brussels,,0,0
2021-02-25,Brussels,Pfizer/BioNTech,743,615
2021-02-25,Brussels,Moderna,23,60
2021-02-25,Brussels,AstraZeneca/Oxford,208,0
2021-02-25,Ostbelgien,,0,0
2021-02-25,Ostbelgien,Pfizer/BioNTech,52,172
2021-02-25,Ostbelgien,Moderna,0,1
2021-02-25,Ostbelgien,AstraZeneca/Oxford,0,0
2021-02-26,,Pfizer/BioNTech,86,48
2021-02-26,,Moderna,0,0
2021-02-26,,AstraZeneca/Oxford,4,0
2021-02-26,Flanders,,0,0
2021-02-26,Flanders,Pfizer/BioNTech,13708,2536
2021-02-26,Flanders,Moderna,1,37
2021-02-26,Flanders,AstraZeneca/Oxford,4893,0
2021-02-26,Wallonia,,0,0
2021-02-26,Wallonia,Pfizer/BioNTech,2668,3370
2021-02-26,Wallonia,Moderna,0,90
2021-02-26,Wallonia,AstraZeneca/Oxford,2010,2
2021-02-26,Brussels,,0,0
2021-02-26,Brussels,Pfizer/BioNTech,1083,520
2021-02-26,Brussels,Moderna,3,58
2021-02-26,Brussels,AstraZeneca/Oxford,339,0
2021-02-26,Ostbelgien,,0,0
2021-02-26,Ostbelgien,Pfizer/BioNTech,184,11
2021-02-26,Ostbelgien,Moderna,0,1
2021-02-26,Ostbelgien,AstraZeneca/Oxford,2,0
2021-02-27,,Pfizer/BioNTech,5,0
2021-02-27,,Moderna,4,0
2021-02-27,,AstraZeneca/Oxford,0,0
2021-02-27,Flanders,,0,0
2021-02-27,Flanders,Pfizer/BioNTech,1298,561
2021-02-27,Flanders,Moderna,1,35
2021-02-27,Flanders,AstraZeneca/Oxford,1066,0
2021-02-27,Wallonia,,0,0
2021-02-27,Wallonia,Pfizer/BioNTech,72,96
2021-02-27,Wallonia,Moderna,3,9
2021-02-27,Wallonia,AstraZeneca/Oxford,623,0
2021-02-27,Brussels,,0,0
2021-02-27,Brussels,Pfizer/BioNTech,56,3
2021-02-27,Brussels,Moderna,53,48
2021-02-27,Brussels,AstraZeneca/Oxford,421,0
2021-02-27,Ostbelgien,,0,0
2021-02-27,Ostbelgien,Pfizer/BioNTech,0,6
2021-02-27,Ostbelgien,Moderna,0,0
2021-02-27,Ostbelgien,AstraZeneca/Oxford,0,0
2021-02-28,,Pfizer/BioNTech,0,0
2021-02-28,,Moderna,0,0
2021-02-28,,AstraZeneca/Oxford,0,0
2021-02-28,Flanders,,0,0
2021-02-28,Flanders,Pfizer/BioNTech,410,118
2021-02-28,Flanders,Moderna,6,113
2021-02-28,Flanders,AstraZeneca/Oxford,115,0
2021-02-28,Wallonia,,0,0
2021-02-28,Wallonia,Pfizer/BioNTech,42,0
2021-02-28,Wallonia,Moderna,0,3
2021-02-28,Wallonia,AstraZeneca/Oxford,4,0
2021-02-28,Brussels,,0,0
2021-02-28,Brussels,Pfizer/BioNTech,5,1
2021-02-28,Brussels,Moderna,1,8
2021-02-28,Brussels,AstraZeneca/Oxford,0,0
2021-02-28,Ostbelgien,,0,0
2021-02-28,Ostbelgien,Pfizer/BioNTech,0,1
2021-02-28,Ostbelgien,Moderna,0,0
2021-02-28,Ostbelgien,AstraZeneca/Oxford,0,0
2021-03-01,,Pfizer/BioNTech,29,21
2021-03-01,,Moderna,1,3
2021-03-01,,AstraZeneca/Oxford,5,0
2021-03-01,Flanders,,0,0
2021-03-01,Flanders,Pfizer/BioNTech,3507,815
2021-03-01,Flanders,Moderna,392,1240
2021-03-01,Flanders,AstraZeneca/Oxford,2581,0
2021-03-01,Wallonia,,0,0
2021-03-01,Wallonia,Pfizer/BioNTech,1079,437
2021-03-01,Wallonia,Moderna,7,4
2021-03-01,Wallonia,AstraZeneca/Oxford,2091,0
2021-03-01,Brussels,,0,0
2021-03-01,Brussels,Pfizer/BioNTech,187,169
2021-03-01,Brussels,Moderna,196,13
2021-03-01,Brussels,AstraZeneca/Oxford,542,1
2021-03-01,Ostbelgien,,0,0
2021-03-01,Ostbelgien,Pfizer/BioNTech,39,1
2021-03-01,Ostbelgien,Moderna,0,0
2021-03-01,Ostbelgien,AstraZeneca/Oxford,0,0
2021-03-02,,Pfizer/BioNTech,30,36
2021-03-02,,Moderna,0,21
2021-03-02,,AstraZeneca/Oxford,17,0
2021-03-02,Flanders,,0,0
2021-03-02,Flanders,Pfizer/BioNTech,3588,829
2021-03-02,Flanders,Moderna,156,2295
2021-03-02,Flanders,AstraZeneca/Oxford,7568,1
2021-03-02,Wallonia,,0,0
2021-03-02,Wallonia,Pfizer/BioNTech,1093,3013
2021-03-02,Wallonia,Moderna,76,214
2021-03-02,Wallonia,AstraZeneca/Oxford,2534,1
2021-03-02,Brussels,,0,0
2021-03-02,Brussels,Pfizer/BioNTech,646,286
2021-03-02,Brussels,Moderna,202,57
2021-03-02,Brussels,AstraZeneca/Oxford,679,0
2021-03-02,Ostbelgien,,0,0
2021-03-02,Ostbelgien,Pfizer/BioNTech,26,3
2021-03-02,Ostbelgien,Moderna,0,0
2021-03-02,Ostbelgien,AstraZeneca/Oxford,0,0
2021-03-03,,Pfizer/BioNTech,61,27
2021-03-03,,Moderna,8,14
2021-03-03,,AstraZeneca/Oxford,17,0
2021-03-03,Flanders,,0,0
2021-03-03,Flanders,Pfizer/BioNTech,8618,1167
2021-03-03,Flanders,Moderna,841,1056
2021-03-03,Flanders,AstraZeneca/Oxford,6082,1
2021-03-03,Wallonia,,0,0
2021-03-03,Wallonia,Pfizer/BioNTech,1634,2824
2021-03-03,Wallonia,Moderna,392,335
2021-03-03,Wallonia,AstraZeneca/Oxford,3122,2
2021-03-03,Brussels,,0,0
2021-03-03,Brussels,Pfizer/BioNTech,1655,313
2021-03-03,Brussels,Moderna,231,147
2021-03-03,Brussels,AstraZeneca/Oxford,1011,0
2021-03-03,Ostbelgien,,0,0
2021-03-03,Ostbelgien,Pfizer/BioNTech,18,93
2021-03-03,Ostbelgien,Moderna,0,0
2021-03-03,Ostbelgien,AstraZeneca/Oxford,7,0
2021-03-04,,Pfizer/BioNTech,509,100
2021-03-04,,Moderna,11,22
2021-03-04,,AstraZeneca/Oxford,44,0
2021-03-04,Flanders,,0,0
2021-03-04,Flanders,Pfizer/BioNTech,14082,1381
2021-03-04,Flanders,Moderna,2501,856
2021-03-04,Flanders,AstraZeneca/Oxford,11841,1
2021-03-04,Wallonia,,0,0
2021-03-04,Wallonia,Pfizer/BioNTech,4921,4540
2021-03-04,Wallonia,Moderna,281,710
2021-03-04,Wallonia,AstraZeneca/Oxford,3589,1
2021-03-04,Brussels,,0,0
2021-03-04,Brussels,Pfizer/BioNTech,1596,278
2021-03-04,Brussels,Moderna,271,191
2021-03-04,Brussels,AstraZeneca/Oxford,937,0
2021-03-04,Ostbelgien,,0,0
2021-03-04,Ostbelgien,Pfizer/BioNTech,2,5
2021-03-04,Ostbelgien,Moderna,7,309
2021-03-04,Ostbelgien,AstraZeneca/Oxford,2,0
2021-03-05,,Pfizer/BioNTech,667,195
2021-03-05,,Moderna,18,22
2021-03-05,,AstraZeneca/Oxford,46,0
2021-03-05,Flanders,,0,0
2021-03-05,Flanders,Pfizer/BioNTech,10016,1227
2021-03-05,Flanders,Moderna,2696,809
2021-03-05,Flanders,AstraZeneca/Oxford,11088,1
2021-03-05,Wallonia,,0,0
2021-03-05,Wallonia,Pfizer/BioNTech,5968,3217
2021-03-05,Wallonia,Moderna,233,475
2021-03-05,Wallonia,AstraZeneca/Oxford,4296,1
2021-03-05,Brussels,,0,0
2021-03-05,Brussels,Pfizer/BioNTech,516,182
2021-03-05,Brussels,Moderna,402,28
2021-03-05,Brussels,AstraZeneca/Oxford,1324,0
2021-03-05,Ostbelgien,,0,0
2021-03-05,Ostbelgien,Pfizer/BioNTech,22,142
2021-03-05,Ostbelgien,Moderna,0,4
2021-03-05,Ostbelgien,AstraZeneca/Oxford,2,0
2021-03-06,,Pfizer/BioNTech,25,1
2021-03-06,,Moderna,0,2
2021-03-06,,AstraZeneca/Oxford,8,0
2021-03-06,Flanders,,0,0
2021-03-06,Flanders,Pfizer/BioNTech,2642,119
2021-03-06,Flanders,Moderna,204,26
2021-03-06,Flanders,AstraZeneca/Oxford,2067,0
2021-03-06,Wallonia,,0,0
2021-03-06,Wallonia,Pfizer/BioNTech,512,153
2021-03-06,Wallonia,Moderna,1,21
2021-03-06,Wallonia,AstraZeneca/Oxford,1199,0
2021-03-06,Brussels,,0,0
2021-03-06,Brussels,Pfizer/BioNTech,88,33
2021-03-06,Brussels,Moderna,9,231
2021-03-06,Brussels,AstraZeneca/Oxford,882,0
2021-03-06,Ostbelgien,,0,0
2021-03-06,Ostbelgien,Pfizer/BioNTech,0,4
2021-03-06,Ostbelgien,Moderna,0,0
2021-03-06,Ostbelgien,AstraZeneca/Oxford,0,0
2021-03-07,,Pfizer/BioNTech,5,0
2021-03-07,,Moderna,0,0
2021-03-07,,AstraZeneca/Oxford,0,0
2021-03-07,Flanders,,0,0
2021-03-07,Flanders,Pfizer/BioNTech,930,42
2021-03-07,Flanders,Moderna,0,109
2021-03-07,Flanders,AstraZeneca/Oxford,229,0
2021-03-07,Wallonia,,0,0
2021-03-07,Wallonia,Pfizer/BioNTech,118,26
2021-03-07,Wallonia,Moderna,0,0
2021-03-07,Wallonia,AstraZeneca/Oxford,4,0
2021-03-07,Brussels,,0,0
2021-03-07,Brussels,Pfizer/BioNTech,7,0
2021-03-07,Brussels,Moderna,0,0
2021-03-07,Brussels,AstraZeneca/Oxford,0,0
2021-03-07,Ostbelgien,,0,0
2021-03-07,Ostbelgien,Pfizer/BioNTech,0,0
2021-03-07,Ostbelgien,Moderna,0,0
2021-03-07,Ostbelgien,AstraZeneca/Oxford,0,0
2021-03-08,,Pfizer/BioNTech,62,5
2021-03-08,,Moderna,2,14
2021-03-08,,AstraZeneca/Oxford,16,0
2021-03-08,Flanders,,0,0
2021-03-08,Flanders,Pfizer/BioNTech,2623,561
2021-03-08,Flanders,Moderna,836,231
2021-03-08,Flanders,AstraZeneca/Oxford,3669,0
2021-03-08,Wallonia,,0,0
2021-03-08,Wallonia,Pfizer/BioNTech,1404,694
2021-03-08,Wallonia,Moderna,16,241
2021-03-08,Wallonia,AstraZeneca/Oxford,4998,0
2021-03-08,Brussels,,0,0
2021-03-08,Brussels,Pfizer/BioNTech,335,83
2021-03-08,Brussels,Moderna,321,129
2021-03-08,Brussels,AstraZeneca/Oxford,959,0
2021-03-08,Ostbelgien,,0,0
2021-03-08,Ostbelgien,Pfizer/BioNTech,4,1
2021-03-08,Ostbelgien,Moderna,0,1
2021-03-08,Ostbelgien,AstraZeneca/Oxford,4,0
2021-03-09,,Pfizer/BioNTech,23,14
2021-03-09,,Moderna,7,47
2021-03-09,,AstraZeneca/Oxford,29,0
2021-03-09,Flanders,,0,0
2021-03-09,Flanders,Pfizer/BioNTech,2379,1644
2021-03-09,Flanders,Moderna,931,2050
2021-03-09,Flanders,AstraZeneca/Oxford,9321,1
2021-03-09,Wallonia,,0,0
2021-03-09,Wallonia,Pfizer/BioNTech,1994,1695
2021-03-09,Wallonia,Moderna,79,895
2021-03-09,Wallonia,AstraZeneca/Oxford,4889,0
2021-03-09,Brussels,,0,0
2021-03-09,Brussels,Pfizer/BioNTech,624,357
2021-03-09,Brussels,Moderna,417,260
2021-03-09,Brussels,AstraZeneca/Oxford,795,0
2021-03-09,Ostbelgien,,0,0
2021-03-09,Ostbelgien,Pfizer/BioNTech,21,44
2021-03-09,Ostbelgien,Moderna,0,6
2021-03-09,Ostbelgien,AstraZeneca/Oxford,3,0
2021-03-10,,Pfizer/BioNTech,26,26
2021-03-10,,Moderna,12,34
2021-03-10,,AstraZeneca/Oxford,30,0
2021-03-10,Flanders,,0,0
2021-03-10,Flanders,Pfizer/BioNTech,6581,4273
2021-03-10,Flanders,Moderna,723,933
2021-03-10,Flanders,AstraZeneca/Oxford,8736,1
2021-03-10,Wallonia,,0,0
2021-03-10,Wallonia,Pfizer/BioNTech,2768,1540
2021-03-10,Wallonia,Moderna,118,1175
2021-03-10,Wallonia,AstraZeneca/Oxford,5457,1
2021-03-10,Brussels,,0,0
2021-03-10,Brussels,Pfizer/BioNTech,854,589
2021-03-10,Brussels,Moderna,467,225
2021-03-10,Brussels,AstraZeneca/Oxford,818,0
2021-03-10,Ostbelgien,,0,0
2021-03-10,Ostbelgien,Pfizer/BioNTech,4,165
2021-03-10,Ostbelgien,Moderna,0,2
2021-03-10,Ostbelgien,AstraZeneca/Oxford,2,0
2021-03-11,,Pfizer/BioNTech,270,17
2021-03-11,,Moderna,11,53
2021-03-11,,AstraZeneca/Oxford,48,0
2021-03-11,Flanders,,0,0
2021-03-11,Flanders,Pfizer/BioNTech,13998,5070
2021-03-11,Flanders,Moderna,559,485
2021-03-11,Flanders,AstraZeneca/Oxford,14107,3
2021-03-11,Wallonia,,0,0
2021-03-11,Wallonia,Pfizer/BioNTech,6533,2519
2021-03-11,Wallonia,Moderna,252,958
2021-03-11,Wallonia,AstraZeneca/Oxford,4880,0
2021-03-11,Brussels,,0,0
2021-03-11,Brussels,Pfizer/BioNTech,2322,518
2021-03-11,Brussels,Moderna,522,130
2021-03-11,Brussels,AstraZeneca/Oxford,179,0
2021-03-11,Ostbelgien,,0,0
2021-03-11,Ostbelgien,Pfizer/BioNTech,22,128
2021-03-11,Ostbelgien,Moderna,0,3
2021-03-11,Ostbelgien,AstraZeneca/Oxford,7,0
2021-03-12,,Pfizer/BioNTech,934,94
2021-03-12,,Moderna,14,64
2021-03-12,,AstraZeneca/Oxford,37,0
2021-03-12,Flanders,,0,0
2021-03-12,Flanders,Pfizer/BioNTech,5579,8600
2021-03-12,Flanders,Moderna,244,403
2021-03-12,Flanders,AstraZeneca/Oxford,8994,1
2021-03-12,Wallonia,,0,0
2021-03-12,Wallonia,Pfizer/BioNTech,7283,2310
2021-03-12,Wallonia,Moderna,210,827
2021-03-12,Wallonia,AstraZeneca/Oxford,4908,0
2021-03-12,Brussels,,0,0
2021-03-12,Brussels,Pfizer/BioNTech,1104,431
2021-03-12,Brussels,Moderna,468,174
2021-03-12,Brussels,AstraZeneca/Oxford,823,0
2021-03-12,Ostbelgien,,0,0
2021-03-12,Ostbelgien,Pfizer/BioNTech,19,205
2021-03-12,Ostbelgien,Moderna,19,95
2021-03-12,Ostbelgien,AstraZeneca/Oxford,7,0
2021-03-13,,Pfizer/BioNTech,80,8
2021-03-13,,Moderna,0,0
2021-03-13,,AstraZeneca/Oxford,7,0
2021-03-13,Flanders,,0,0
2021-03-13,Flanders,Pfizer/BioNTech,799,1929
2021-03-13,Flanders,Moderna,0,0
2021-03-13,Flanders,AstraZeneca/Oxford,3724,0
2021-03-13,Wallonia,,0,0
2021-03-13,Wallonia,Pfizer/BioNTech,413,102
2021-03-13,Wallonia,Moderna,0,0
2021-03-13,Wallonia,AstraZeneca/Oxford,1475,0
2021-03-13,Brussels,,0,0
2021-03-13,Brussels,Pfizer/BioNTech,289,8
2021-03-13,Brussels,Moderna,0,0
2021-03-13,Brussels,AstraZeneca/Oxford,751,0
2021-03-13,Ostbelgien,,0,0
2021-03-13,Ostbelgien,Pfizer/BioNTech,0,0
2021-03-13,Ostbelgien,Moderna,0,0
2021-03-13,Ostbelgien,AstraZeneca/Oxford,0,0
2021-03-14,,Pfizer/BioNTech,1,6
2021-03-14,,Moderna,0,0
2021-03-14,,AstraZeneca/Oxford,0,0
2021-03-14,Flanders,,0,0
2021-03-14,Flanders,Pfizer/BioNTech,24,1258
2021-03-14,Flanders,Moderna,0,1
2021-03-14,Flanders,AstraZeneca/Oxford,115,0
2021-03-14,Wallonia,,0,0
2021-03-14,Wallonia,Pfizer/BioNTech,1,4
2021-03-14,Wallonia,Moderna,0,0
2021-03-14,Wallonia,AstraZeneca/Oxford,0,0
2021-03-14,Brussels,,0,0
2021-03-14,Brussels,Pfizer/BioNTech,1,3
2021-03-14,Brussels,Moderna,0,0
2021-03-14,Brussels,AstraZeneca/Oxford,0,0
2021-03-14,Ostbelgien,,0,0
2021-03-14,Ostbelgien,Pfizer/BioNTech,0,0
2021-03-14,Ostbelgien,Moderna,0,0
2021-03-14,Ostbelgien,AstraZeneca/Oxford,0,0
2021-03-15,,Pfizer/BioNTech,31,24
2021-03-15,,Moderna,16,9
2021-03-15,,AstraZeneca/Oxford,59,0
2021-03-15,Flanders,,0,0
2021-03-15,Flanders,Pfizer/BioNTech,1073,3283
2021-03-15,Flanders,Moderna,295,7
2021-03-15,Flanders,AstraZeneca/Oxford,8757,1
2021-03-15,Wallonia,,0,0
2021-03-15,Wallonia,Pfizer/BioNTech,2284,814
2021-03-15,Wallonia,Moderna,2647,175
2021-03-15,Wallonia,AstraZeneca/Oxford,9168,3
2021-03-15,Brussels,,0,0
2021-03-15,Brussels,Pfizer/BioNTech,72,238
2021-03-15,Brussels,Moderna,498,62
2021-03-15,Brussels,AstraZeneca/Oxford,862,0
2021-03-15,Ostbelgien,,0,0
2021-03-15,Ostbelgien,Pfizer/BioNTech,1,1
2021-03-15,Ostbelgien,Moderna,1,0
2021-03-15,Ostbelgien,AstraZeneca/Oxford,0,0
2021-03-16,,Pfizer/BioNTech,47,42
2021-03-16,,Moderna,9,11
2021-03-16,,AstraZeneca/Oxford,41,0
2021-03-16,Flanders,,0,0
2021-03-16,Flanders,Pfizer/BioNTech,1204,2665
2021-03-16,Flanders,Moderna,176,6
2021-03-16,Flanders,AstraZeneca/Oxford,20809,1
2021-03-16,Wallonia,,0,0
2021-03-16,Wallonia,Pfizer/BioNTech,5355,880
2021-03-16,Wallonia,Moderna,2736,111
2021-03-16,Wallonia,AstraZeneca/Oxford,9483,1
2021-03-16,Brussels,,0,0
2021-03-16,Brussels,Pfizer/BioNTech,506,364
2021-03-16,Brussels,Moderna,283,48
2021-03-16,Brussels,AstraZeneca/Oxford,1727,0
2021-03-16,Ostbelgien,,0,0
2021-03-16,Ostbelgien,Pfizer/BioNTech,9,0
2021-03-16,Ostbelgien,Moderna,0,0
2021-03-16,Ostbelgien,AstraZeneca/Oxford,75,0
2021-03-17,,Pfizer/BioNTech,20,31
2021-03-17,,Moderna,13,1
2021-03-17,,AstraZeneca/Oxford,31,0
2021-03-17,Flanders,,0,0
2021-03-17,Flanders,Pfizer/BioNTech,1396,6715
2021-03-17,Flanders,Moderna,112,5
2021-03-17,Flanders,AstraZeneca/Oxford,15346,1
2021-03-17,Wallonia,,0,0
2021-03-17,Wallonia,Pfizer/BioNTech,6048,1132
2021-03-17,Wallonia,Moderna,2838,2
2021-03-17,Wallonia,AstraZeneca/Oxford,10223,3
2021-03-17,Brussels,,0,0
2021-03-17,Brussels,Pfizer/BioNTech,673,772
2021-03-17,Brussels,Moderna,420,48
2021-03-17,Brussels,AstraZeneca/Oxford,1779,0
2021-03-17,Ostbelgien,,0,0
2021-03-17,Ostbelgien,Pfizer/BioNTech,145,0
2021-03-17,Ostbelgien,Moderna,3,0
2021-03-17,Ostbelgien,AstraZeneca/Oxford,12,0
2021-03-18,,Pfizer/BioNTech,146,51
2021-03-18,,Moderna,10,1
2021-03-18,,AstraZeneca/Oxford,26,0
2021-03-18,Flanders,,0,0
2021-03-18,Flanders,Pfizer/BioNTech,3056,13799
2021-03-18,Flanders,Moderna,162,1
2021-03-18,Flanders,AstraZeneca/Oxford,27551,3
2021-03-18,Wallonia,,0,0
2021-03-18,Wallonia,Pfizer/BioNTech,8919,1714
2021-03-18,Wallonia,Moderna,3670,0
2021-03-18,Wallonia,AstraZeneca/Oxford,9745,2
2021-03-18,Brussels,,0,0
2021-03-18,Brussels,Pfizer/BioNTech,2462,842
2021-03-18,Brussels,Moderna,554,64
2021-03-18,Brussels,AstraZeneca/Oxford,1509,0
2021-03-18,Ostbelgien,,0,0
2021-03-18,Ostbelgien,Pfizer/BioNTech,125,46
2021-03-18,Ostbelgien,Moderna,3,0
2021-03-18,Ostbelgien,AstraZeneca/Oxford,65,0
2021-03-19,,Pfizer/BioNTech,597,79
2021-03-19,,Moderna,6,0
2021-03-19,,AstraZeneca/Oxford,30,0
2021-03-19,Flanders,,0,0
2021-03-19,Flanders,Pfizer/BioNTech,3184,14574
2021-03-19,Flanders,Moderna,182,113
2021-03-19,Flanders,AstraZeneca/Oxford,15146,0
2021-03-19,Wallonia,,0,0
2021-03-19,Wallonia,Pfizer/BioNTech,10643,2611
2021-03-19,Wallonia,Moderna,3373,0
2021-03-19,Wallonia,AstraZeneca/Oxford,11257,0
2021-03-19,Brussels,,0,0
2021-03-19,Brussels,Pfizer/BioNTech,925,907
2021-03-19,Brussels,Moderna,698,122
2021-03-19,Brussels,AstraZeneca/Oxford,1797,0
2021-03-19,Ostbelgien,,0,0
2021-03-19,Ostbelgien,Pfizer/BioNTech,311,172
2021-03-19,Ostbelgien,Moderna,6,0
2021-03-19,Ostbelgien,AstraZeneca/Oxford,7,0
2021-03-20,,Pfizer/BioNTech,87,2
2021-03-20,,Moderna,10,0
2021-03-20,,AstraZeneca/Oxford,12,0
2021-03-20,Flanders,,0,0
2021-03-20,Flanders,Pfizer/BioNTech,739,1244
2021-03-20,Flanders,Moderna,31,2
2021-03-20,Flanders,AstraZeneca/Oxford,5564,0
2021-03-20,Wallonia,,0,0
2021-03-20,Wallonia,Pfizer/BioNTech,4667,69
2021-03-20,Wallonia,Moderna,2652,0
2021-03-20,Wallonia,AstraZeneca/Oxford,5983,0
2021-03-20,Brussels,,0,0
2021-03-20,Brussels,Pfizer/BioNTech,22,26
2021-03-20,Brussels,Moderna,74,1
2021-03-20,Brussels,AstraZeneca/Oxford,609,0
2021-03-20,Ostbelgien,,0,0
2021-03-20,Ostbelgien,Pfizer/BioNTech,320,0
2021-03-20,Ostbelgien,Moderna,5,0
2021-03-20,Ostbelgien,AstraZeneca/Oxford,3,0
2021-03-21,,Pfizer/BioNTech,0,3
2021-03-21,,Moderna,0,0
2021-03-21,,AstraZeneca/Oxford,0,0
2021-03-21,Flanders,,0,0
2021-03-21,Flanders,Pfizer/BioNTech,79,492
2021-03-21,Flanders,Moderna,0,0
2021-03-21,Flanders,AstraZeneca/Oxford,299,0
2021-03-21,Wallonia,,0,0
2021-03-21,Wallonia,Pfizer/BioNTech,8,9
2021-03-21,Wallonia,Moderna,0,0
2021-03-21,Wallonia,AstraZeneca/Oxford,2,0
2021-03-21,Brussels,,0,0
2021-03-21,Brussels,Pfizer/BioNTech,3,7
2021-03-21,Brussels,Moderna,0,0
2021-03-21,Brussels,AstraZeneca/Oxford,0,0
2021-03-21,Ostbelgien,,0,0
2021-03-21,Ostbelgien,Pfizer/BioNTech,0,0
2021-03-21,Ostbelgien,Moderna,0,0
2021-03-21,Ostbelgien,AstraZeneca/Oxford,0,0
2021-03-22,,Pfizer/BioNTech,23,30
2021-03-22,,Moderna,32,0
2021-03-22,,AstraZeneca/Oxford,18,0
2021-03-22,Flanders,,0,0
2021-03-22,Flanders,Pfizer/BioNTech,2234,3749
2021-03-22,Flanders,Moderna,61,1
2021-03-22,Flanders,AstraZeneca/Oxford,5061,2
2021-03-22,Wallonia,,0,0
2021-03-22,Wallonia,Pfizer/BioNTech,5797,1061
2021-03-22,Wallonia,Moderna,1321,5
2021-03-22,Wallonia,AstraZeneca/Oxford,9481,1
2021-03-22,Brussels,,0,0
2021-03-22,Brussels,Pfizer/BioNTech,190,172
2021-03-22,Brussels,Moderna,645,94
2021-03-22,Brussels,AstraZeneca/Oxford,2395,0
2021-03-22,Ostbelgien,,0,0
2021-03-22,Ostbelgien,Pfizer/BioNTech,8,1
2021-03-22,Ostbelgien,Moderna,0,0
2021-03-22,Ostbelgien,AstraZeneca/Oxford,14,0
2021-03-23,,Pfizer/BioNTech,31,19
2021-03-23,,Moderna,26,1
2021-03-23,,AstraZeneca/Oxford,49,0
2021-03-23,Flanders,,0,0
2021-03-23,Flanders,Pfizer/BioNTech,1028,3696
2021-03-23,Flanders,Moderna,25,5
2021-03-23,Flanders,AstraZeneca/Oxford,15262,2
2021-03-23,Wallonia,,0,0
2021-03-23,Wallonia,Pfizer/BioNTech,12663,1128
2021-03-23,Wallonia,Moderna,973,6
2021-03-23,Wallonia,AstraZeneca/Oxford,6900,0
2021-03-23,Brussels,,0,0
2021-03-23,Brussels,Pfizer/BioNTech,364,599
2021-03-23,Brussels,Moderna,629,94
2021-03-23,Brussels,AstraZeneca/Oxford,3738,0
2021-03-23,Ostbelgien,,0,0
2021-03-23,Ostbelgien,Pfizer/BioNTech,318,1
2021-03-23,Ostbelgien,Moderna,0,0
2021-03-23,Ostbelgien,AstraZeneca/Oxford,175,0
2021-03-24,,Pfizer/BioNTech,59,45
2021-03-24,,Moderna,8,2
2021-03-24,,AstraZeneca/Oxford,27,0
2021-03-24,Flanders,,0,0
2021-03-24,Flanders,Pfizer/BioNTech,17496,7360
2021-03-24,Flanders,Moderna,65,8
2021-03-24,Flanders,AstraZeneca/Oxford,7830,2
2021-03-24,Wallonia,,0,0
2021-03-24,Wallonia,Pfizer/BioNTech,11630,1403
2021-03-24,Wallonia,Moderna,1701,2
2021-03-24,Wallonia,AstraZeneca/Oxford,6147,1
2021-03-24,Brussels,,0,0
2021-03-24,Brussels,Pfizer/BioNTech,1262,1474
2021-03-24,Brussels,Moderna,694,85
2021-03-24,Brussels,AstraZeneca/Oxford,3590,0
2021-03-24,Ostbelgien,,0,0
2021-03-24,Ostbelgien,Pfizer/BioNTech,327,4
2021-03-24,Ostbelgien,Moderna,0,0
2021-03-24,Ostbelgien,AstraZeneca/Oxford,274,0
2021-03-25,,Pfizer/BioNTech,130,222
2021-03-25,,Moderna,7,0
2021-03-25,,AstraZeneca/Oxford,25,0
2021-03-25,Flanders,,0,0
2021-03-25,Flanders,Pfizer/BioNTech,20269,13084
2021-03-25,Flanders,Moderna,232,28
2021-03-25,Flanders,AstraZeneca/Oxford,11004,0
2021-03-25,Wallonia,,0,0
2021-03-25,Wallonia,Pfizer/BioNTech,12838,4477
2021-03-25,Wallonia,Moderna,648,2
2021-03-25,Wallonia,AstraZeneca/Oxford,5764,1
2021-03-25,Brussels,,0,0
2021-03-25,Brussels,Pfizer/BioNTech,2222,1600
2021-03-25,Brussels,Moderna,919,34
2021-03-25,Brussels,AstraZeneca/Oxford,3132,1
2021-03-25,Ostbelgien,,0,0
2021-03-25,Ostbelgien,Pfizer/BioNTech,285,19
2021-03-25,Ostbelgien,Moderna,1,0
2021-03-25,Ostbelgien,AstraZeneca/Oxford,237,0
2021-03-26,,Pfizer/BioNTech,616,607
2021-03-26,,Moderna,9,2
2021-03-26,,AstraZeneca/Oxford,22,0
2021-03-26,Flanders,,0,0
2021-03-26,Flanders,Pfizer/BioNTech,11882,11193
2021-03-26,Flanders,Moderna,514,8
2021-03-26,Flanders,AstraZeneca/Oxford,10061,0
2021-03-26,Wallonia,,0,0
2021-03-26,Wallonia,Pfizer/BioNTech,15191,5975
2021-03-26,Wallonia,Moderna,498,29
2021-03-26,Wallonia,AstraZeneca/Oxford,4802,1
2021-03-26,Brussels,,0,0
2021-03-26,Brussels,Pfizer/BioNTech,1457,701
2021-03-26,Brussels,Moderna,690,58
2021-03-26,Brussels,AstraZeneca/Oxford,3513,0
2021-03-26,Ostbelgien,,0,0
2021-03-26,Ostbelgien,Pfizer/BioNTech,321,13
2021-03-26,Ostbelgien,Moderna,0,0
2021-03-26,Ostbelgien,AstraZeneca/Oxford,282,0
2021-03-27,,Pfizer/BioNTech,22,58
2021-03-27,,Moderna,0,0
2021-03-27,,AstraZeneca/Oxford,14,0
2021-03-27,Flanders,,0,0
2021-03-27,Flanders,Pfizer/BioNTech,2119,2976
2021-03-27,Flanders,Moderna,0,0
2021-03-27,Flanders,AstraZeneca/Oxford,1935,0
2021-03-27,Wallonia,,0,0
2021-03-27,Wallonia,Pfizer/BioNTech,9121,624
2021-03-27,Wallonia,Moderna,180,0
2021-03-27,Wallonia,AstraZeneca/Oxford,2265,0
2021-03-27,Brussels,,0,0
2021-03-27,Brussels,Pfizer/BioNTech,547,73
2021-03-27,Brussels,Moderna,0,0
2021-03-27,Brussels,AstraZeneca/Oxford,1598,0
2021-03-27,Ostbelgien,,0,0
2021-03-27,Ostbelgien,Pfizer/BioNTech,291,2
2021-03-27,Ostbelgien,Moderna,0,0
2021-03-27,Ostbelgien,AstraZeneca/Oxford,271,0
2021-03-28,,Pfizer/BioNTech,0,3
2021-03-28,,Moderna,0,0
2021-03-28,,AstraZeneca/Oxford,0,0
2021-03-28,Flanders,,0,0
2021-03-28,Flanders,Pfizer/BioNTech,148,922
2021-03-28,Flanders,Moderna,1,11
2021-03-28,Flanders,AstraZeneca/Oxford,1237,0
2021-03-28,Wallonia,,0,0
2021-03-28,Wallonia,Pfizer/BioNTech,0,2
2021-03-28,Wallonia,Moderna,0,0
2021-03-28,Wallonia,AstraZeneca/Oxford,0,0
2021-03-28,Brussels,,0,0
2021-03-28,Brussels,Pfizer/BioNTech,2,7
2021-03-28,Brussels,Moderna,0,0
2021-03-28,Brussels,AstraZeneca/Oxford,1,0
2021-03-28,Ostbelgien,,0,0
2021-03-28,Ostbelgien,Pfizer/BioNTech,0,0
2021-03-28,Ostbelgien,Moderna,0,0
2021-03-28,Ostbelgien,AstraZeneca/Oxford,0,0
2021-03-29,,Pfizer/BioNTech,33,51
2021-03-29,,Moderna,5,0
2021-03-29,,AstraZeneca/Oxford,13,0
2021-03-29,Flanders,,0,0
2021-03-29,Flanders,Pfizer/BioNTech,852,2549
2021-03-29,Flanders,Moderna,282,391
2021-03-29,Flanders,AstraZeneca/Oxford,3788,0
2021-03-29,Wallonia,,0,0
2021-03-29,Wallonia,Pfizer/BioNTech,2911,1628
2021-03-29,Wallonia,Moderna,1802,8
2021-03-29,Wallonia,AstraZeneca/Oxford,3552,2
2021-03-29,Brussels,,0,0
2021-03-29,Brussels,Pfizer/BioNTech,3205,379
2021-03-29,Brussels,Moderna,453,182
2021-03-29,Brussels,AstraZeneca/Oxford,1312,0
2021-03-29,Ostbelgien,,0,0
2021-03-29,Ostbelgien,Pfizer/BioNTech,0,4
2021-03-29,Ostbelgien,Moderna,3,0
2021-03-29,Ostbelgien,AstraZeneca/Oxford,1,0
2021-03-30,,Pfizer/BioNTech,36,11
2021-03-30,,Moderna,13,2
2021-03-30,,AstraZeneca/Oxford,14,0
2021-03-30,Flanders,,0,0
2021-03-30,Flanders,Pfizer/BioNTech,3350,2030
2021-03-30,Flanders,Moderna,1670,346
2021-03-30,Flanders,AstraZeneca/Oxford,7318,1
2021-03-30,Wallonia,,0,0
2021-03-30,Wallonia,Pfizer/BioNTech,2683,2284
2021-03-30,Wallonia,Moderna,1543,76
2021-03-30,Wallonia,AstraZeneca/Oxford,3851,2
2021-03-30,Brussels,,0,0
2021-03-30,Brussels,Pfizer/BioNTech,3358,549
2021-03-30,Brussels,Moderna,645,244
2021-03-30,Brussels,AstraZeneca/Oxford,1232,0
2021-03-30,Ostbelgien,,0,0
2021-03-30,Ostbelgien,Pfizer/BioNTech,273,19
2021-03-30,Ostbelgien,Moderna,0,0
2021-03-30,Ostbelgien,AstraZeneca/Oxford,272,0
2021-03-31,,Pfizer/BioNTech,85,29
2021-03-31,,Moderna,17,9
2021-03-31,,AstraZeneca/Oxford,14,0
2021-03-31,Flanders,,0,0
2021-03-31,Flanders,Pfizer/BioNTech,49733,6424
2021-03-31,Flanders,Moderna,1420,734
2021-03-31,Flanders,AstraZeneca/Oxford,3218,0
2021-03-31,Wallonia,,0,0
2021-03-31,Wallonia,Pfizer/BioNTech,9265,2597
2021-03-31,Wallonia,Moderna,1341,395
2021-03-31,Wallonia,AstraZeneca/Oxford,3839,0
2021-03-31,Brussels,,0,0
2021-03-31,Brussels,Pfizer/BioNTech,2179,687
2021-03-31,Brussels,Moderna,340,167
2021-03-31,Brussels,AstraZeneca/Oxford,1257,0
2021-03-31,Ostbelgien,,0,0
2021-03-31,Ostbelgien,Pfizer/BioNTech,282,2
2021-03-31,Ostbelgien,Moderna,0,0
2021-03-31,Ostbelgien,AstraZeneca/Oxford,273,0
2021-04-01,,Pfizer/BioNTech,101,220
2021-04-01,,Moderna,12,11
2021-04-01,,AstraZeneca/Oxford,13,0
2021-04-01,Flanders,,0,0
2021-04-01,Flanders,Pfizer/BioNTech,50771,13305
2021-04-01,Flanders,Moderna,2044,2532
2021-04-01,Flanders,AstraZeneca/Oxford,4119,0
2021-04-01,Wallonia,,0,0
2021-04-01,Wallonia,Pfizer/BioNTech,9980,6204
2021-04-01,Wallonia,Moderna,1373,294
2021-04-01,Wallonia,AstraZeneca/Oxford,2598,0
2021-04-01,Brussels,,0,0
2021-04-01,Brussels,Pfizer/BioNTech,3616,1562
2021-04-01,Brussels,Moderna,418,260
2021-04-01,Brussels,AstraZeneca/Oxford,1207,0
2021-04-01,Ostbelgien,,0,0
2021-04-01,Ostbelgien,Pfizer/BioNTech,232,16
2021-04-01,Ostbelgien,Moderna,3,0
2021-04-01,Ostbelgien,AstraZeneca/Oxford,240,0
2021-04-02,,Pfizer/BioNTech,277,933
2021-04-02,,Moderna,14,10
2021-04-02,,AstraZeneca/Oxford,16,0
2021-04-02,Flanders,,0,0
2021-04-02,Flanders,Pfizer/BioNTech,34212,5401
2021-04-02,Flanders,Moderna,1555,2347
2021-04-02,Flanders,AstraZeneca/Oxford,8119,0
2021-04-02,Wallonia,,0,0
2021-04-02,Wallonia,Pfizer/BioNTech,11129,6727
2021-04-02,Wallonia,Moderna,1384,196
2021-04-02,Wallonia,AstraZeneca/Oxford,2382,0
2021-04-02,Brussels,,0,0
2021-04-02,Brussels,Pfizer/BioNTech,2493,1427
2021-04-02,Brussels,Moderna,591,372
2021-04-02,Brussels,AstraZeneca/Oxford,1214,0
2021-04-02,Ostbelgien,,0,0
2021-04-02,Ostbelgien,Pfizer/BioNTech,260,20
2021-04-02,Ostbelgien,Moderna,0,0
2021-04-02,Ostbelgien,AstraZeneca/Oxford,265,0
2021-04-03,,Pfizer/BioNTech,17,62
2021-04-03,,Moderna,0,0
2021-04-03,,AstraZeneca/Oxford,11,0
2021-04-03,Flanders,,0,0
2021-04-03,Flanders,Pfizer/BioNTech,1484,678
2021-04-03,Flanders,Moderna,6,209
2021-04-03,Flanders,AstraZeneca/Oxford,366,0
2021-04-03,Wallonia,,0,0
2021-04-03,Wallonia,Pfizer/BioNTech,5931,370
2021-04-03,Wallonia,Moderna,1525,0
2021-04-03,Wallonia,AstraZeneca/Oxford,8511,1
2021-04-03,Brussels,,0,0
2021-04-03,Brussels,Pfizer/BioNTech,989,16
2021-04-03,Brussels,Moderna,3,0
2021-04-03,Brussels,AstraZeneca/Oxford,20,0
2021-04-03,Ostbelgien,,0,0
2021-04-03,Ostbelgien,Pfizer/BioNTech,269,0
2021-04-03,Ostbelgien,Moderna,1,1
2021-04-03,Ostbelgien,AstraZeneca/Oxford,269,0
2021-04-04,,Pfizer/BioNTech,0,2
2021-04-04,,Moderna,0,0
2021-04-04,,AstraZeneca/Oxford,0,0
2021-04-04,Flanders,,0,0
2021-04-04,Flanders,Pfizer/BioNTech,1,60
2021-04-04,Flanders,Moderna,0,0
2021-04-04,Flanders,AstraZeneca/Oxford,1,0
2021-04-04,Wallonia,,0,0
2021-04-04,Wallonia,Pfizer/BioNTech,9,2
2021-04-04,Wallonia,Moderna,0,0
2021-04-04,Wallonia,AstraZeneca/Oxford,0,0
2021-04-04,Brussels,,0,0
2021-04-04,Brussels,Pfizer/BioNTech,0,0
2021-04-04,Brussels,Moderna,1,1
2021-04-04,Brussels,AstraZeneca/Oxford,0,0
2021-04-04,Ostbelgien,,0,0
2021-04-04,Ostbelgien,Pfizer/BioNTech,0,0
2021-04-04,Ostbelgien,Moderna,0,0
2021-04-04,Ostbelgien,AstraZeneca/Oxford,0,0
2021-04-05,,Pfizer/BioNTech,0,4
2021-04-05,,Moderna,6,2
2021-04-05,,AstraZeneca/Oxford,11,2
2021-04-05,Flanders,,0,0
2021-04-05,Flanders,Pfizer/BioNTech,48,189
2021-04-05,Flanders,Moderna,18,22
2021-04-05,Flanders,AstraZeneca/Oxford,35,0
2021-04-05,Wallonia,,0,0
2021-04-05,Wallonia,Pfizer/BioNTech,191,1903
2021-04-05,Wallonia,Moderna,410,2
2021-04-05,Wallonia,AstraZeneca/Oxford,9779,199
2021-04-05,Brussels,,0,0
2021-04-05,Brussels,Pfizer/BioNTech,1,22
2021-04-05,Brussels,Moderna,658,283
2021-04-05,Brussels,AstraZeneca/Oxford,768,0
2021-04-05,Ostbelgien,,0,0
2021-04-05,Ostbelgien,Pfizer/BioNTech,0,1
2021-04-05,Ostbelgien,Moderna,0,0
2021-04-05,Ostbelgien,AstraZeneca/Oxford,11,0
2021-04-06,,Pfizer/BioNTech,37,39
2021-04-06,,Moderna,19,8
2021-04-06,,AstraZeneca/Oxford,29,0
2021-04-06,Flanders,,0,0
2021-04-06,Flanders,Pfizer/BioNTech,114,928
2021-04-06,Flanders,Moderna,8464,1258
2021-04-06,Flanders,AstraZeneca/Oxford,2728,1
2021-04-06,Wallonia,,0,0
2021-04-06,Wallonia,Pfizer/BioNTech,1180,5931
2021-04-06,Wallonia,Moderna,1853,75
2021-04-06,Wallonia,AstraZeneca/Oxford,15772,10
2021-04-06,Brussels,,0,0
2021-04-06,Brussels,Pfizer/BioNTech,3514,241
2021-04-06,Brussels,Moderna,497,431
2021-04-06,Brussels,AstraZeneca/Oxford,2800,1
2021-04-06,Ostbelgien,,0,0
2021-04-06,Ostbelgien,Pfizer/BioNTech,291,136
2021-04-06,Ostbelgien,Moderna,0,0
2021-04-06,Ostbelgien,AstraZeneca/Oxford,262,0
2021-04-07,,Pfizer/BioNTech,42,12
2021-04-07,,Moderna,7,4
2021-04-07,,AstraZeneca/Oxford,24,0
2021-04-07,Flanders,,0,0
2021-04-07,Flanders,Pfizer/BioNTech,1057,1230
2021-04-07,Flanders,Moderna,7078,735
2021-04-07,Flanders,AstraZeneca/Oxford,5494,0
2021-04-07,Wallonia,,0,0
2021-04-07,Wallonia,Pfizer/BioNTech,2540,6321
2021-04-07,Wallonia,Moderna,2418,79
2021-04-07,Wallonia,AstraZeneca/Oxford,14283,5
2021-04-07,Brussels,,0,0
2021-04-07,Brussels,Pfizer/BioNTech,2300,560
2021-04-07,Brussels,Moderna,609,453
2021-04-07,Brussels,AstraZeneca/Oxford,1519,0
2021-04-07,Ostbelgien,,0,0
2021-04-07,Ostbelgien,Pfizer/BioNTech,271,205
2021-04-07,Ostbelgien,Moderna,1,0
2021-04-07,Ostbelgien,AstraZeneca/Oxford,272,0
2021-04-08,,Pfizer/BioNTech,81,101
2021-04-08,,Moderna,17,3
2021-04-08,,AstraZeneca/Oxford,6,0
2021-04-08,Flanders,,0,0
2021-04-08,Flanders,Pfizer/BioNTech,74795,3846
2021-04-08,Flanders,Moderna,5589,400
2021-04-08,Flanders,AstraZeneca/Oxford,1072,1
2021-04-08,Wallonia,,0,0
2021-04-08,Wallonia,Pfizer/BioNTech,11937,9183
2021-04-08,Wallonia,Moderna,2563,165
2021-04-08,Wallonia,AstraZeneca/Oxford,6607,0
2021-04-08,Brussels,,0,0
2021-04-08,Brussels,Pfizer/BioNTech,3660,1866
2021-04-08,Brussels,Moderna,700,509
2021-04-08,Brussels,AstraZeneca/Oxford,827,0
2021-04-08,Ostbelgien,,0,0
2021-04-08,Ostbelgien,Pfizer/BioNTech,244,170
2021-04-08,Ostbelgien,Moderna,0,0
2021-04-08,Ostbelgien,AstraZeneca/Oxford,212,0
2021-04-09,,Pfizer/BioNTech,150,392
2021-04-09,,Moderna,15,21
2021-04-09,,AstraZeneca/Oxford,12,0
2021-04-09,Flanders,,0,0
2021-04-09,Flanders,Pfizer/BioNTech,82772,2823
2021-04-09,Flanders,Moderna,5375,797
2021-04-09,Flanders,AstraZeneca/Oxford,1259,0
2021-04-09,Wallonia,,0,0
2021-04-09,Wallonia,Pfizer/BioNTech,13064,8623
2021-04-09,Wallonia,Moderna,1566,333
2021-04-09,Wallonia,AstraZeneca/Oxford,7463,4
2021-04-09,Brussels,,0,0
2021-04-09,Brussels,Pfizer/BioNTech,4441,941
2021-04-09,Brussels,Moderna,618,484
2021-04-09,Brussels,AstraZeneca/Oxford,1016,1
2021-04-09,Ostbelgien,,0,0
2021-04-09,Ostbelgien,Pfizer/BioNTech,288,160
2021-04-09,Ostbelgien,Moderna,7,27
2021-04-09,Ostbelgien,AstraZeneca/Oxford,395,0
2021-04-10,,Pfizer/BioNTech,83,6
2021-04-10,,Moderna,2,0
2021-04-10,,AstraZeneca/Oxford,2,0
2021-04-10,Flanders,,0,0
2021-04-10,Flanders,Pfizer/BioNTech,41439,440
2021-04-10,Flanders,Moderna,274,0
2021-04-10,Flanders,AstraZeneca/Oxford,283,2
2021-04-10,Wallonia,,0,0
2021-04-10,Wallonia,Pfizer/BioNTech,9698,2913
2021-04-10,Wallonia,Moderna,1457,1
2021-04-10,Wallonia,AstraZeneca/Oxford,5842,332
2021-04-10,Brussels,,0,0
2021-04-10,Brussels,Pfizer/BioNTech,3788,32
2021-04-10,Brussels,Moderna,7,0
2021-04-10,Brussels,AstraZeneca/Oxford,400,2
2021-04-10,Ostbelgien,,0,0
2021-04-10,Ostbelgien,Pfizer/BioNTech,281,214
2021-04-10,Ostbelgien,Moderna,0,0
2021-04-10,Ostbelgien,AstraZeneca/Oxford,377,0
2021-04-11,,Pfizer/BioNTech,14,0
2021-04-11,,Moderna,0,0
2021-04-11,,AstraZeneca/Oxford,0,0
2021-04-11,Flanders,,0,0
2021-04-11,Flanders,Pfizer/BioNTech,2880,297
2021-04-11,Flanders,Moderna,1,0
2021-04-11,Flanders,AstraZeneca/Oxford,2,0
2021-04-11,Wallonia,,0,0
2021-04-11,Wallonia,Pfizer/BioNTech,43,11
2021-04-11,Wallonia,Moderna,1,0
2021-04-11,Wallonia,AstraZeneca/Oxford,0,0
2021-04-11,Brussels,,0,0
2021-04-11,Brussels,Pfizer/BioNTech,611,2
2021-04-11,Brussels,Moderna,2,0
2021-04-11,Brussels,AstraZeneca/Oxford,0,0
2021-04-11,Ostbelgien,,0,0
2021-04-11,Ostbelgien,Pfizer/BioNTech,0,0
2021-04-11,Ostbelgien,Moderna,0,0
2021-04-11,Ostbelgien,AstraZeneca/Oxford,0,0
2021-04-12,,Pfizer/BioNTech,34,7
2021-04-12,,Moderna,5,21
2021-04-12,,AstraZeneca/Oxford,24,0
2021-04-12,Flanders,,0,0
2021-04-12,Flanders,Pfizer/BioNTech,411,1960
2021-04-12,Flanders,Moderna,127,337
2021-04-12,Flanders,AstraZeneca/Oxford,18154,3
2021-04-12,Wallonia,,0,0
2021-04-12,Wallonia,Pfizer/BioNTech,4156,2381
2021-04-12,Wallonia,Moderna,263,3530
2021-04-12,Wallonia,AstraZeneca/Oxford,10255,2
2021-04-12,Brussels,,0,0
2021-04-12,Brussels,Pfizer/BioNTech,4023,161
2021-04-12,Brussels,Moderna,169,542
2021-04-12,Brussels,AstraZeneca/Oxford,1912,0
2021-04-12,Ostbelgien,,0,0
2021-04-12,Ostbelgien,Pfizer/BioNTech,0,2
2021-04-12,Ostbelgien,Moderna,0,1
2021-04-12,Ostbelgien,AstraZeneca/Oxford,3,0
2021-04-13,,Pfizer/BioNTech,39,12
2021-04-13,,Moderna,6,3
2021-04-13,,AstraZeneca/Oxford,22,0
2021-04-13,Flanders,,0,0
2021-04-13,Flanders,Pfizer/BioNTech,1411,966
2021-04-13,Flanders,Moderna,574,181
2021-04-13,Flanders,AstraZeneca/Oxford,41851,4
2021-04-13,Wallonia,,0,0
2021-04-13,Wallonia,Pfizer/BioNTech,3997,2777
2021-04-13,Wallonia,Moderna,583,3414
2021-04-13,Wallonia,AstraZeneca/Oxford,8582,0
2021-04-13,Brussels,,0,0
2021-04-13,Brussels,Pfizer/BioNTech,4607,389
2021-04-13,Brussels,Moderna,611,171
2021-04-13,Brussels,AstraZeneca/Oxford,920,0
2021-04-13,Ostbelgien,,0,0
2021-04-13,Ostbelgien,Pfizer/BioNTech,290,302
2021-04-13,Ostbelgien,Moderna,4,0
2021-04-13,Ostbelgien,AstraZeneca/Oxford,397,0
2021-04-14,,Pfizer/BioNTech,72,35
2021-04-14,,Moderna,19,10
2021-04-14,,AstraZeneca/Oxford,21,1
2021-04-14,Flanders,,0,0
2021-04-14,Flanders,Pfizer/BioNTech,25299,16608
2021-04-14,Flanders,Moderna,5203,169
2021-04-14,Flanders,AstraZeneca/Oxford,17919,2
2021-04-14,Wallonia,,0,0
2021-04-14,Wallonia,Pfizer/BioNTech,15820,3010
2021-04-14,Wallonia,Moderna,493,3627
2021-04-14,Wallonia,AstraZeneca/Oxford,4423,1
2021-04-14,Brussels,,0,0
2021-04-14,Brussels,Pfizer/BioNTech,4284,408
2021-04-14,Brussels,Moderna,778,382
2021-04-14,Brussels,AstraZeneca/Oxford,737,2
2021-04-14,Ostbelgien,,0,0
2021-04-14,Ostbelgien,Pfizer/BioNTech,266,307
2021-04-14,Ostbelgien,Moderna,4,1
2021-04-14,Ostbelgien,AstraZeneca/Oxford,366,0
2021-04-15,,Pfizer/BioNTech,98,28
2021-04-15,,Moderna,10,12
2021-04-15,,AstraZeneca/Oxford,28,0
2021-04-15,Flanders,,0,0
2021-04-15,Flanders,Pfizer/BioNTech,32659,18733
2021-04-15,Flanders,Moderna,171,181
2021-04-15,Flanders,AstraZeneca/Oxford,22700,2
2021-04-15,Wallonia,,0,0
2021-04-15,Wallonia,Pfizer/BioNTech,18775,2608
2021-04-15,Wallonia,Moderna,872,2946
2021-04-15,Wallonia,AstraZeneca/Oxford,3340,1
2021-04-15,Brussels,,0,0
2021-04-15,Brussels,Pfizer/BioNTech,4120,1213
2021-04-15,Brussels,Moderna,431,504
2021-04-15,Brussels,AstraZeneca/Oxford,926,2
2021-04-15,Ostbelgien,,0,0
2021-04-15,Ostbelgien,Pfizer/BioNTech,245,277
2021-04-15,Ostbelgien,Moderna,2,5
2021-04-15,Ostbelgien,AstraZeneca/Oxford,329,0
2021-04-16,,Pfizer/BioNTech,98,336
2021-04-16,,Moderna,6,6
2021-04-16,,AstraZeneca/Oxford,30,0
2021-04-16,Flanders,,0,0
2021-04-16,Flanders,Pfizer/BioNTech,18758,8248
2021-04-16,Flanders,Moderna,310,187
2021-04-16,Flanders,AstraZeneca/Oxford,29356,5
2021-04-16,Wallonia,,0,0
2021-04-16,Wallonia,Pfizer/BioNTech,17985,3927
2021-04-16,Wallonia,Moderna,749,2454
2021-04-16,Wallonia,AstraZeneca/Oxford,2994,169
2021-04-16,Brussels,,0,0
2021-04-16,Brussels,Pfizer/BioNTech,4088,844
2021-04-16,Brussels,Moderna,332,747
2021-04-16,Brussels,AstraZeneca/Oxford,1124,1
2021-04-16,Ostbelgien,,0,0
2021-04-16,Ostbelgien,Pfizer/BioNTech,283,300
2021-04-16,Ostbelgien,Moderna,0,6
2021-04-16,Ostbelgien,AstraZeneca/Oxford,312,0
2021-04-17,,Pfizer/BioNTech,49,5
2021-04-17,,Moderna,3,8
2021-04-17,,AstraZeneca/Oxford,3,0
2021-04-17,Flanders,,0,0
2021-04-17,Flanders,Pfizer/BioNTech,25400,2120
2021-04-17,Flanders,Moderna,11,2
2021-04-17,Flanders,AstraZeneca/Oxford,7247,3
2021-04-17,Wallonia,,0,0
2021-04-17,Wallonia,Pfizer/BioNTech,14161,1386
2021-04-17,Wallonia,Moderna,999,1872
2021-04-17,Wallonia,AstraZeneca/Oxford,2348,0
2021-04-17,Brussels,,0,0
2021-04-17,Brussels,Pfizer/BioNTech,1546,65
2021-04-17,Brussels,Moderna,9,10
2021-04-17,Brussels,AstraZeneca/Oxford,18,0
2021-04-17,Ostbelgien,,0,0
2021-04-17,Ostbelgien,Pfizer/BioNTech,270,273
2021-04-17,Ostbelgien,Moderna,0,4
2021-04-17,Ostbelgien,AstraZeneca/Oxford,203,0
2021-04-18,,Pfizer/BioNTech,0,0
2021-04-18,,Moderna,0,0
2021-04-18,,AstraZeneca/Oxford,1,0
2021-04-18,Flanders,,0,0
2021-04-18,Flanders,Pfizer/BioNTech,2610,65
2021-04-18,Flanders,Moderna,0,0
2021-04-18,Flanders,AstraZeneca/Oxford,3267,2
2021-04-18,Wallonia,,0,0
2021-04-18,Wallonia,Pfizer/BioNTech,7,0
2021-04-18,Wallonia,Moderna,0,0
2021-04-18,Wallonia,AstraZeneca/Oxford,0,0
2021-04-18,Brussels,,0,0
2021-04-18,Brussels,Pfizer/BioNTech,13,0
2021-04-18,Brussels,Moderna,0,0
2021-04-18,Brussels,AstraZeneca/Oxford,0,0
2021-04-18,Ostbelgien,,0,0
2021-04-18,Ostbelgien,Pfizer/BioNTech,0,0
2021-04-18,Ostbelgien,Moderna,0,0
2021-04-18,Ostbelgien,AstraZeneca/Oxford,0,0
2021-04-19,,Pfizer/BioNTech,64,9
2021-04-19,,Moderna,13,26
2021-04-19,,AstraZeneca/Oxford,30,0
2021-04-19,Flanders,,0,0
2021-04-19,Flanders,Pfizer/BioNTech,22666,969
2021-04-19,Flanders,Moderna,2032,62
2021-04-19,Flanders,AstraZeneca/Oxford,11999,1
2021-04-19,Wallonia,,0,0
2021-04-19,Wallonia,Pfizer/BioNTech,8850,855
2021-04-19,Wallonia,Moderna,1699,1346
2021-04-19,Wallonia,AstraZeneca/Oxford,2771,3
2021-04-19,Brussels,,0,0
2021-04-19,Brussels,Pfizer/BioNTech,4393,118
2021-04-19,Brussels,Moderna,376,701
2021-04-19,Brussels,AstraZeneca/Oxford,1635,0
2021-04-19,Ostbelgien,,0,0
2021-04-19,Ostbelgien,Pfizer/BioNTech,4,0
2021-04-19,Ostbelgien,Moderna,2,0
2021-04-19,Ostbelgien,AstraZeneca/Oxford,0,1
2021-04-20,,Pfizer/BioNTech,51,17
2021-04-20,,Moderna,9,26
2021-04-20,,AstraZeneca/Oxford,22,0
2021-04-20,Flanders,,0,0
2021-04-20,Flanders,Pfizer/BioNTech,6409,534
2021-04-20,Flanders,Moderna,7103,66
2021-04-20,Flanders,AstraZeneca/Oxford,13584,2
2021-04-20,Wallonia,,0,0
2021-04-20,Wallonia,Pfizer/BioNTech,7384,509
2021-04-20,Wallonia,Moderna,2207,860
2021-04-20,Wallonia,AstraZeneca/Oxford,4142,1
2021-04-20,Brussels,,0,0
2021-04-20,Brussels,Pfizer/BioNTech,4549,235
2021-04-20,Brussels,Moderna,398,625
2021-04-20,Brussels,AstraZeneca/Oxford,818,1
2021-04-20,Ostbelgien,,0,0
2021-04-20,Ostbelgien,Pfizer/BioNTech,198,135
2021-04-20,Ostbelgien,Moderna,2,0
2021-04-20,Ostbelgien,AstraZeneca/Oxford,84,0
2021-04-21,,Pfizer/BioNTech,81,18
2021-04-21,,Moderna,6,5
2021-04-21,,AstraZeneca/Oxford,21,0
2021-04-21,Flanders,,0,0
2021-04-21,Flanders,Pfizer/BioNTech,47047,1049
2021-04-21,Flanders,Moderna,7058,45
2021-04-21,Flanders,AstraZeneca/Oxford,2303,3
2021-04-21,Wallonia,,0,0
2021-04-21,Wallonia,Pfizer/BioNTech,20234,471
2021-04-21,Wallonia,Moderna,411,1607
2021-04-21,Wallonia,AstraZeneca/Oxford,3891,0
2021-04-21,Brussels,,0,0
2021-04-21,Brussels,Pfizer/BioNTech,4530,250
2021-04-21,Brussels,Moderna,432,622
2021-04-21,Brussels,AstraZeneca/Oxford,583,1
2021-04-21,Ostbelgien,,0,0
2021-04-21,Ostbelgien,Pfizer/BioNTech,423,353
2021-04-21,Ostbelgien,Moderna,135,0
2021-04-21,Ostbelgien,AstraZeneca/Oxford,4,0
2021-04-22,,Pfizer/BioNTech,104,55
2021-04-22,,Moderna,12,4
2021-04-22,,AstraZeneca/Oxford,1,0
2021-04-22,Flanders,,0,0
2021-04-22,Flanders,Pfizer/BioNTech,49830,1258
2021-04-22,Flanders,Moderna,6499,258
2021-04-22,Flanders,AstraZeneca/Oxford,1247,1
2021-04-22,Wallonia,,0,0
2021-04-22,Wallonia,Pfizer/BioNTech,20738,867
2021-04-22,Wallonia,Moderna,2005,590
2021-04-22,Wallonia,AstraZeneca/Oxford,1541,0
2021-04-22,Brussels,,0,0
2021-04-22,Brussels,Pfizer/BioNTech,6221,1602
2021-04-22,Brussels,Moderna,322,918
2021-04-22,Brussels,AstraZeneca/Oxford,5,0
2021-04-22,Ostbelgien,,0,0
2021-04-22,Ostbelgien,Pfizer/BioNTech,244,188
2021-04-22,Ostbelgien,Moderna,133,1
2021-04-22,Ostbelgien,AstraZeneca/Oxford,12,0
2021-04-23,,Pfizer/BioNTech,148,254
2021-04-23,,Moderna,9,3
2021-04-23,,AstraZeneca/Oxford,3,0
2021-04-23,Flanders,,0,0
2021-04-23,Flanders,Pfizer/BioNTech,24285,1329
2021-04-23,Flanders,Moderna,6499,196
2021-04-23,Flanders,AstraZeneca/Oxford,4274,1
2021-04-23,Wallonia,,0,0
2021-04-23,Wallonia,Pfizer/BioNTech,18928,1462
2021-04-23,Wallonia,Moderna,2058,553
2021-04-23,Wallonia,AstraZeneca/Oxford,2035,4
2021-04-23,Brussels,,0,0
2021-04-23,Brussels,Pfizer/BioNTech,5247,2129
2021-04-23,Brussels,Moderna,217,693
2021-04-23,Brussels,AstraZeneca/Oxford,1,0
2021-04-23,Ostbelgien,,0,0
2021-04-23,Ostbelgien,Pfizer/BioNTech,278,189
2021-04-23,Ostbelgien,Moderna,172,0
2021-04-23,Ostbelgien,AstraZeneca/Oxford,0,0
2021-04-24,,Pfizer/BioNTech,54,9
2021-04-24,,Moderna,0,0
2021-04-24,,AstraZeneca/Oxford,6,0
2021-04-24,Flanders,,0,0
2021-04-24,Flanders,Pfizer/BioNTech,22809,311
2021-04-24,Flanders,Moderna,5,0
2021-04-24,Flanders,AstraZeneca/Oxford,1462,2
2021-04-24,Wallonia,,0,0
2021-04-24,Wallonia,Pfizer/BioNTech,12094,1015
2021-04-24,Wallonia,Moderna,1319,189
2021-04-24,Wallonia,AstraZeneca/Oxford,3732,2
2021-04-24,Brussels,,0,0
2021-04-24,Brussels,Pfizer/BioNTech,2280,10
2021-04-24,Brussels,Moderna,4,0
2021-04-24,Brussels,AstraZeneca/Oxford,0,0
2021-04-24,Ostbelgien,,0,0
2021-04-24,Ostbelgien,Pfizer/BioNTech,282,132
2021-04-24,Ostbelgien,Moderna,167,0
2021-04-24,Ostbelgien,AstraZeneca/Oxford,208,0
2021-04-25,,Pfizer/BioNTech,43,0
2021-04-25,,Moderna,0,0
2021-04-25,,AstraZeneca/Oxford,0,0
2021-04-25,Flanders,,0,0
2021-04-25,Flanders,Pfizer/BioNTech,4173,14
2021-04-25,Flanders,Moderna,2,0
2021-04-25,Flanders,AstraZeneca/Oxford,15,0
2021-04-25,Wallonia,,0,0
2021-04-25,Wallonia,Pfizer/BioNTech,8,0
2021-04-25,Wallonia,Moderna,0,0
2021-04-25,Wallonia,AstraZeneca/Oxford,0,0
2021-04-25,Brussels,,0,0
2021-04-25,Brussels,Pfizer/BioNTech,2017,1
2021-04-25,Brussels,Moderna,0,0
2021-04-25,Brussels,AstraZeneca/Oxford,0,0
2021-04-25,Ostbelgien,,0,0
2021-04-25,Ostbelgien,Pfizer/BioNTech,0,0
2021-04-25,Ostbelgien,Moderna,0,0
2021-04-25,Ostbelgien,AstraZeneca/Oxford,0,0
2021-04-26,,Pfizer/BioNTech,113,19
2021-04-26,,Moderna,5,2
2021-04-26,,AstraZeneca/Oxford,55,2
2021-04-26,Flanders,,0,0
2021-04-26,Flanders,Pfizer/BioNTech,26573,212
2021-04-26,Flanders,Moderna,269,291
2021-04-26,Flanders,AstraZeneca/Oxford,4241,4
2021-04-26,Wallonia,,0,0
2021-04-26,Wallonia,Pfizer/BioNTech,8985,3254
2021-04-26,Wallonia,Moderna,566,1970
2021-04-26,Wallonia,AstraZeneca/Oxford,9778,4
2021-04-26,Brussels,,0,0
2021-04-26,Brussels,Pfizer/BioNTech,2152,442
2021-04-26,Brussels,Moderna,713,490
2021-04-26,Brussels,AstraZeneca/Oxford,2403,1
2021-04-26,Ostbelgien,,0,0
2021-04-26,Ostbelgien,Pfizer/BioNTech,1,1
2021-04-26,Ostbelgien,Moderna,0,0
2021-04-26,Ostbelgien,AstraZeneca/Oxford,2,0
2021-04-27,,Pfizer/BioNTech,137,17
2021-04-27,,Moderna,11,3
2021-04-27,,AstraZeneca/Oxford,43,0
2021-04-27,Flanders,,0,0
2021-04-27,Flanders,Pfizer/BioNTech,6139,261
2021-04-27,Flanders,Moderna,804,1526
2021-04-27,Flanders,AstraZeneca/Oxford,13307,3
2021-04-27,Wallonia,,0,0
2021-04-27,Wallonia,Pfizer/BioNTech,5661,9622
2021-04-27,Wallonia,Moderna,24,1473
2021-04-27,Wallonia,AstraZeneca/Oxford,6310,10
2021-04-27,Brussels,,0,0
2021-04-27,Brussels,Pfizer/BioNTech,2471,700
2021-04-27,Brussels,Moderna,765,648
2021-04-27,Brussels,AstraZeneca/Oxford,1876,0
2021-04-27,Ostbelgien,,0,0
2021-04-27,Ostbelgien,Pfizer/BioNTech,547,13
2021-04-27,Ostbelgien,Moderna,0,0
2021-04-27,Ostbelgien,AstraZeneca/Oxford,25,0
2021-04-28,,Pfizer/BioNTech,173,30
2021-04-28,,Moderna,15,15
2021-04-28,,AstraZeneca/Oxford,27,0
2021-04-28,Flanders,,0,0
2021-04-28,Flanders,Pfizer/BioNTech,44359,371
2021-04-28,Flanders,Moderna,526,1613
2021-04-28,Flanders,AstraZeneca/Oxford,3357,55
2021-04-28,Wallonia,,0,0
2021-04-28,Wallonia,Pfizer/BioNTech,19862,9143
2021-04-28,Wallonia,Moderna,42,1462
2021-04-28,Wallonia,AstraZeneca/Oxford,3100,22
2021-04-28,Brussels,,0,0
2021-04-28,Brussels,Pfizer/BioNTech,4596,1925
2021-04-28,Brussels,Moderna,978,264
2021-04-28,Brussels,AstraZeneca/Oxford,1371,3
2021-04-28,Ostbelgien,,0,0
2021-04-28,Ostbelgien,Pfizer/BioNTech,665,17
2021-04-28,Ostbelgien,Moderna,0,0
2021-04-28,Ostbelgien,AstraZeneca/Oxford,5,0
2021-04-29,,Pfizer/BioNTech,122,26
2021-04-29,,Moderna,30,5
2021-04-29,,AstraZeneca/Oxford,16,0
2021-04-29,Flanders,,0,0
2021-04-29,Flanders,Pfizer/BioNTech,45386,1823
2021-04-29,Flanders,Moderna,2261,1904
2021-04-29,Flanders,AstraZeneca/Oxford,7609,11
2021-04-29,Wallonia,,0,0
2021-04-29,Wallonia,Pfizer/BioNTech,19324,10333
2021-04-29,Wallonia,Moderna,50,1085
2021-04-29,Wallonia,AstraZeneca/Oxford,2641,2
2021-04-29,Brussels,,0,0
2021-04-29,Brussels,Pfizer/BioNTech,5748,2450
2021-04-29,Brussels,Moderna,757,403
2021-04-29,Brussels,AstraZeneca/Oxford,310,1
2021-04-29,Ostbelgien,,0,0
2021-04-29,Ostbelgien,Pfizer/BioNTech,601,19
2021-04-29,Ostbelgien,Moderna,0,3
2021-04-29,Ostbelgien,AstraZeneca/Oxford,115,0
2021-04-30,,Pfizer/BioNTech,93,34
2021-04-30,,Moderna,11,10
2021-04-30,,AstraZeneca/Oxford,2,0
2021-04-30,Flanders,,0,0
2021-04-30,Flanders,Pfizer/BioNTech,28917,3446
2021-04-30,Flanders,Moderna,351,1273
2021-04-30,Flanders,AstraZeneca/Oxford,3037,19
2021-04-30,Wallonia,,0,0
2021-04-30,Wallonia,Pfizer/BioNTech,18587,12270
2021-04-30,Wallonia,Moderna,39,916
2021-04-30,Wallonia,AstraZeneca/Oxford,1353,27
2021-04-30,Brussels,,0,0
2021-04-30,Brussels,Pfizer/BioNTech,5264,2552
2021-04-30,Brussels,Moderna,505,625
2021-04-30,Brussels,AstraZeneca/Oxford,213,6
2021-04-30,Ostbelgien,,0,0
2021-04-30,Ostbelgien,Pfizer/BioNTech,665,42
2021-04-30,Ostbelgien,Moderna,0,0
2021-04-30,Ostbelgien,AstraZeneca/Oxford,141,0
2021-05-01,,Pfizer/BioNTech,73,19
2021-05-01,,Moderna,0,0
2021-05-01,,AstraZeneca/Oxford,1,0
2021-05-01,Flanders,,0,0
2021-05-01,Flanders,Pfizer/BioNTech,14161,107
2021-05-01,Flanders,Moderna,0,0
2021-05-01,Flanders,AstraZeneca/Oxford,811,0
2021-05-01,Wallonia,,0,0
2021-05-01,Wallonia,Pfizer/BioNTech,17926,6732
2021-05-01,Wallonia,Moderna,4,450
2021-05-01,Wallonia,AstraZeneca/Oxford,1435,0
2021-05-01,Brussels,,0,0
2021-05-01,Brussels,Pfizer/BioNTech,3770,91
2021-05-01,Brussels,Moderna,0,0
2021-05-01,Brussels,AstraZeneca/Oxford,5,0
2021-05-01,Ostbelgien,,0,0
2021-05-01,Ostbelgien,Pfizer/BioNTech,757,66
2021-05-01,Ostbelgien,Moderna,0,0
2021-05-01,Ostbelgien,AstraZeneca/Oxford,212,0
2021-05-02,,Pfizer/BioNTech,1,0
2021-05-02,,Moderna,0,0
2021-05-02,,AstraZeneca/Oxford,11,0
2021-05-02,Flanders,,0,0
2021-05-02,Flanders,Pfizer/BioNTech,2177,38
2021-05-02,Flanders,Moderna,0,1
2021-05-02,Flanders,AstraZeneca/Oxford,750,0
2021-05-02,Wallonia,,0,0
2021-05-02,Wallonia,Pfizer/BioNTech,0,23
2021-05-02,Wallonia,Moderna,0,0
2021-05-02,Wallonia,AstraZeneca/Oxford,0,0
2021-05-02,Brussels,,0,0
2021-05-02,Brussels,Pfizer/BioNTech,0,13
2021-05-02,Brussels,Moderna,0,14
2021-05-02,Brussels,AstraZeneca/Oxford,533,0
2021-05-02,Ostbelgien,,0,0
2021-05-02,Ostbelgien,Pfizer/BioNTech,0,0
2021-05-02,Ostbelgien,Moderna,0,0
2021-05-02,Ostbelgien,AstraZeneca/Oxford,0,0
2021-05-03,,Pfizer/BioNTech,65,3
2021-05-03,,Moderna,6,6
2021-05-03,,AstraZeneca/Oxford,61,0
2021-05-03,Flanders,,0,0
2021-05-03,Flanders,Pfizer/BioNTech,21160,390
2021-05-03,Flanders,Moderna,908,5330
2021-05-03,Flanders,AstraZeneca/Oxford,11067,15
2021-05-03,Wallonia,,0,0
2021-05-03,Wallonia,Pfizer/BioNTech,22431,2262
2021-05-03,Wallonia,Moderna,45,1884
2021-05-03,Wallonia,AstraZeneca/Oxford,2713,4
2021-05-03,Brussels,,0,0
2021-05-03,Brussels,Pfizer/BioNTech,2177,1725
2021-05-03,Brussels,Moderna,397,594
2021-05-03,Brussels,AstraZeneca/Oxford,2267,1
2021-05-03,Ostbelgien,,0,0
2021-05-03,Ostbelgien,Pfizer/BioNTech,1,1
2021-05-03,Ostbelgien,Moderna,0,1
2021-05-03,Ostbelgien,AstraZeneca/Oxford,0,0
2021-05-04,,Pfizer/BioNTech,71,6
2021-05-04,,Moderna,7,6
2021-05-04,,AstraZeneca/Oxford,22,0
2021-05-04,Flanders,,0,0
2021-05-04,Flanders,Pfizer/BioNTech,5215,708
2021-05-04,Flanders,Moderna,1606,7285
2021-05-04,Flanders,AstraZeneca/Oxford,24048,170
2021-05-04,Wallonia,,0,0
2021-05-04,Wallonia,Pfizer/BioNTech,19535,2155
2021-05-04,Wallonia,Moderna,42,2050
2021-05-04,Wallonia,AstraZeneca/Oxford,3549,25
2021-05-04,Brussels,,0,0
2021-05-04,Brussels,Pfizer/BioNTech,3371,2116
2021-05-04,Brussels,Moderna,531,499
2021-05-04,Brussels,AstraZeneca/Oxford,972,2
2021-05-04,Ostbelgien,,0,0
2021-05-04,Ostbelgien,Pfizer/BioNTech,718,59
2021-05-04,Ostbelgien,Moderna,135,0
2021-05-04,Ostbelgien,AstraZeneca/Oxford,261,0
2021-05-05,,Pfizer/BioNTech,109,53
2021-05-05,,Moderna,9,6
2021-05-05,,AstraZeneca/Oxford,8,0
2021-05-05,Flanders,,0,0
2021-05-05,Flanders,Pfizer/BioNTech,37700,45425
2021-05-05,Flanders,Moderna,2237,5065
2021-05-05,Flanders,AstraZeneca/Oxford,3545,425
2021-05-05,Wallonia,,0,0
2021-05-05,Wallonia,Pfizer/BioNTech,15093,8668
2021-05-05,Wallonia,Moderna,562,2926
2021-05-05,Wallonia,AstraZeneca/Oxford,1909,6
2021-05-05,Brussels,,0,0
2021-05-05,Brussels,Pfizer/BioNTech,7556,2092
2021-05-05,Brussels,Moderna,513,572
2021-05-05,Brussels,AstraZeneca/Oxford,314,4
2021-05-05,Ostbelgien,,0,0
2021-05-05,Ostbelgien,Pfizer/BioNTech,673,95
2021-05-05,Ostbelgien,Moderna,131,1
2021-05-05,Ostbelgien,AstraZeneca/Oxford,264,2
2021-05-06,,Pfizer/BioNTech,99,45
2021-05-06,,Moderna,3,2
2021-05-06,,AstraZeneca/Oxford,6,0
2021-05-06,Flanders,,0,0
2021-05-06,Flanders,Pfizer/BioNTech,32841,31474
2021-05-06,Flanders,Moderna,402,2512
2021-05-06,Flanders,AstraZeneca/Oxford,2288,14
2021-05-06,Wallonia,,0,0
2021-05-06,Wallonia,Pfizer/BioNTech,6646,4934
2021-05-06,Wallonia,Moderna,648,1136
2021-05-06,Wallonia,AstraZeneca/Oxford,1006,124
2021-05-06,Brussels,,0,0
2021-05-06,Brussels,Pfizer/BioNTech,4756,4279
2021-05-06,Brussels,Moderna,616,464
2021-05-06,Brussels,AstraZeneca/Oxford,281,1
2021-05-06,Ostbelgien,,0,0
2021-05-06,Ostbelgien,Pfizer/BioNTech,594,81
2021-05-06,Ostbelgien,Moderna,110,0
2021-05-06,Ostbelgien,AstraZeneca/Oxford,220,0
